49f03544-ed0a-4479-a7fa-aa0f5c8560a5,ALVAREZ, BRIAN EZEQUIEL,35974475,IFTS---- ----NEUTRO----33
00925696-2c01-47de-a5ec-9d5a8ca996b8,ARECHAVALA, ALICIA IRENE,6435544,IFTS---- ----NEUTRO----33
6edd32c5-b2d8-462e-b39f-fe24a606561e,ARIN, GLADYS DANIELA,27919757,IFTS---- ----NEUTRO----33
735a7a4e-a23a-4a36-86b5-b555e47e76cf,ARI PAUCARA, KEVIN DAGNER,94644477,IFTS---- ----NEUTRO----33
f1f15982-72e2-4fb7-b6af-d2de88be3967,AYALA, AGOSTINA,44851002,IFTS---- ----NEUTRO----33
aecc9b82-9c62-4da2-abd4-c11ff36de697,AYQUE ADCO, SANDRA MARIBEL,93901173,IFTS---- ----NEUTRO----33
a7745086-5791-4b4f-b78a-894ffdb4d188,BACCELLI, IAN,43820103,IFTS---- ----NEUTRO----33
3fb76adf-2e64-4db4-97e2-a86f122ea127,BENITEZ, GUSTAVO,32554016,IFTS---- ----NEUTRO----33
32975344-8510-4848-803d-3e041a1d3556,BENTANCOR, MARTIN FELIPE,43624662,IFTS---- ----NEUTRO----33
050b7290-1752-42d7-9d9d-68828584ebce,CACERES, HUGO,43306879,IFTS---- ----NEUTRO----33
be44892a-c3ff-48b2-8c66-053923d4a8f2,CARABAJAL, NEHUEN LAUTARO,46187925,IFTS---- ----NEUTRO----33
80fdb0c4-e12e-4974-9566-d10e295c9b54,CARBONE, NICOLAS AGUSTIN,46960070,IFTS---- ----NEUTRO----33
cff4dd95-bb18-4c70-bfee-9038c5aee1ce,CEJAS, FLAVIO,27120134,IFTS---- ----NEUTRO----33
f2136f92-b6ff-4b68-b8db-e3a72aa5366a,CHINO GUTIERREZ, PRISCILA AYDA,95142142,IFTS---- ----NEUTRO----33
4fe77af1-6639-4904-9b75-c7671fd6c5b1,CORREA, TABARÉ HERNÁN,39628417,IFTS---- ----NEUTRO----33
d2526150-e690-44fb-8197-5f4a523f42a4,DUCENORD, JAMES,95724091,IFTS---- ----NEUTRO----33
5381ab18-3ad7-4d23-88f7-66ed6775e330,FERRUFINO CASTRO, ALEXANDER ALAN,44159174,IFTS---- ----NEUTRO----33
423d5625-624c-40c5-9847-41477cf15300,FLORES, EMMANUEL ALFREDO,38469956,IFTS---- ----NEUTRO----33
14938a9d-3322-49a6-905a-7e7a32f0d18e,GONZALEZ RAMIREZ, FRANK ENRIQUE,96081494,IFTS---- ----NEUTRO----33
2c373847-056c-4c82-b898-2afe4ac27e77,GUERRERO, SERGIO,96237872,IFTS---- ----NEUTRO----33
07271d26-38c4-4c21-b88a-0e9eb88a1ce0,HERRERA, NATALIA REBECA,41621329,IFTS---- ----NEUTRO----33
404ca46f-2c40-41e4-8791-f80a87542ee4,LEON DIMIDJIAN, JUAN BAUTISTA,45823239,IFTS---- ----NEUTRO----33
82c5bbfa-230d-426d-94c0-54186dcaace6,LOLOY MONZON, DANNY LEONARDO,95655378,IFTS---- ----NEUTRO----33
4b02d38e-8a30-40c4-ad82-0b8142e69727,LOZA ETHEL ,VALERIA,39468604,IFTS---- ----NEUTRO----33,
0f62dd99-9947-456a-9dde-979c519fab6a,MAMANI GARNICA, MARIA YANINA MERCEDES,36183321,IFTS---- ----NEUTRO----33
ee0094c6-4a20-4af7-ae4f-5cbbc56f98cb,MAMANI, ROCIO CELESTE NERI,37278744,IFTS---- ----NEUTRO----33
6146e929-3c95-4008-af18-b3384e24b472,MAMANI VASQUEZ, JULIA BEATRIZ,46441204,IFTS---- ----NEUTRO----33
77ed0b5c-9f3c-4a7e-bf9a-ec37170c99a3,MARINOVICH, LEANDRO DANIEL,38191009,IFTS---- ----NEUTRO----33
a2dc4f09-0d35-4c27-98a2-dc48ef90b513,MARQUEZ FARIAS, REINALDO DANIEL,96162182,IFTS---- ----NEUTRO----33
a878c259-1321-4fb2-87d5-c9330e87a652,MEDINA ANTICONA, MARLON JUNIOR,94057669,IFTS---- ----NEUTRO----33
d415d276-dbbd-4bf1-8751-69b7c3a040fa,MOLINARI GUARELLA, PABLO SERGIO,36554445,IFTS---- ----NEUTRO----33
f64a363a-b3fc-4ae9-9e66-349c9340a8f7,PAREDES AGUIRRE, YAEL MATIAS,94272954,IFTS---- ----NEUTRO----33
c56ef325-f63e-4399-adc0-5266fdd57354,PAZ, CARLA ROCIO NATALIA,33946238,IFTS---- ----NEUTRO----33
6f1438d6-94b8-489a-8407-7e330ddb013f,PEÑA, PETTY,96303532,IFTS---- ----NEUTRO----33
6646f247-2df6-462a-bcfb-0d23c84041ed,PEREZ, MICAELA VERONICA,38471429,IFTS---- ----NEUTRO----33
087cfe41-fc24-411d-bd2d-c5e933698901,QUISPE MANSILLA, GUSTAVO,33678230,IFTS---- ----NEUTRO----33
f75ef084-195d-4591-b77c-6c9d00ed3a7a,RAMIREZ ARANGO, ROSMERY,95425980,IFTS---- ----NEUTRO----33
28bbe775-25fe-4345-8ee2-ae72adb8b383,RODRIGUEZ, YASMIN AYLEN,46286602,IFTS---- ----NEUTRO----33
b9ff1fa4-6590-44b3-acd5-66603ec51006,ROJAS CRUZ, NAYELI,94420747,IFTS---- ----NEUTRO----33,
2bd6affe-a74b-4cc9-8ad4-d5c64d3cb373,ROLDAN MOLINARI, VALENTÍN ARIEL,47168152,IFTS---- ----NEUTRO----33
49787c1c-6e58-49df-a126-37028bc44da6,ROMANS, HERNAN LIONEL,37431117,IFTS---- ----NEUTRO----33
8016098b-1dca-4e69-9a70-9657fbdf6697,SABIA, JOSE ALBERTO,39062783,IFTS---- ----NEUTRO----33
6706ab33-5a21-459c-b0b6-ffc4dabc0ea5,SIMBRON, BRUNO RUBÉN,44054872,IFTS---- ----NEUTRO----33
66995c1a-7e14-46de-8d5d-7465da5fdaf3,SOCOLOVSKY, FAVIO AUGUSTO,40538013,IFTS---- ----NEUTRO----33
e2c770fa-ca5b-4358-8093-4709413ca821,SONSINO GRUGINI, ANDRES,41667560,IFTS---- ----NEUTRO----33
d6160398-5688-461e-ba5b-b89ebb782e40,SOTO, FERNANDA SOLEDAD,36214838,IFTS---- ----NEUTRO----33
4234c599-5150-4eb3-9bc2-fee40bbc4083,TORRES SALCEDO, INDIANA COROMOTO,96327857,IFTS---- ----NEUTRO----33
1361d41a-bf31-46bb-95f2-0c59441a609e,VARGAS SANDOVAL, AVRIL NAZARETH,96027448,IFTS---- ----NEUTRO----33
0cf62fff-9b34-45f6-bb64-f20c187bcb1b,VILLCA, MARIANA,31922930,IFTS---- ----NEUTRO----33
9d788e69-d8cb-45cf-a112-777ad57abd1a,WIDE, MAITZA THALIA,45821996,IFTS---- ----NEUTRO----33
397d2bed-ad71-4185-95df-d1b8f2c518ff,VILLCA, ERIC IVAN,44627778,IFTS---- ----NEUTRO----33,
4c7f4c5a-e9e2-4bd6-aabc-974757292482,AGUILERA, SANTIAGO,45479372,IFTS---- ----NEUTRO----33
f9e502f2-8e4d-464c-be80-bb37e94dd409,AREDES SORIA, OSCAR ALEJANDRO,27053457,IFTS---- ----NEUTRO----33
63d9b5fe-0b4c-4aa9-85ed-d31bf81e1e67,AZCONA OLIVERA, LEONELA NANCY,34683894,IFTS---- ----NEUTRO----33
0b9842f4-6859-4f78-9f36-ef82704b73fd,BERON, LUCAS,45583311,IFTS---- ----NEUTRO----33
3434fdc0-4e09-4c06-9522-9a92aa20aebb,CHERMAN,24753022,IFTS---- ----NEUTRO----33,
ae57f778-a6d4-47d6-9ecc-5c6b997eee3c,DE LANGHE,44587677,IFTS---- ----NEUTRO----33,
e27310e8-a353-4f41-ab8c-0a4fcc235f75,DI LEVA, SERGIO MATIAS,31213625,IFTS---- ----NEUTRO----33
6c12ec6c-83bc-4de0-9f2d-f2c805c76fa7,ESPINOZA PANCHI, PAUL SANTIAGO,94783633,IFTS---- ----NEUTRO----33
fe554fd6-e8c7-48c1-a8b2-bff841e7fa95,FERNNDEZ DEL GENIO, PABLO,32553170,IFTS---- ----NEUTRO----33
622b292c-bba5-47d0-82c8-02a9a7895405,FRITZLER, SHANA JULIANA,45146845,IFTS---- ----NEUTRO----33
1282fc13-8806-4f65-8888-74064e67b54d,FUERTES, SERGIO,34538198,IFTS---- ----NEUTRO----33
2d672e54-46d7-43a2-a54a-d7c90a8e71f1,GASPERONI, VANESA,24405194,IFTS---- ----NEUTRO----33
3da2192a-38be-4b3f-9ce7-d2ff246a7a79,MARCHETTI, MAXIMILIANO FRANCISCO,35793621,IFTS---- ----NEUTRO----33
a0c8308c-f796-4601-8279-4d979c6b29bd,MONTES, FERNANDO,23453118,IFTS---- ----NEUTRO----33
ec1f67ff-2a08-4e6f-9314-6061d05e3c16,PAGNI, VERONICA AYELEN,32897762,IFTS---- ----NEUTRO----33
dbb64343-8e70-4bdf-a1b8-bcaa1d30de4c,PELLECCHIA MUOZ, SEBASTIAN IGNACIO,38710300,IFTS---- ----NEUTRO----33
b1063bf1-0e63-43a4-854b-126f9e1c179d,POTSCHKA, CLAUDIA ANDREA,32561466,IFTS---- ----NEUTRO----33
b40a1200-4916-4c58-a8e7-336cb69b3ca6,QUIROZ, THIAGO NICOLAS,46208243,IFTS---- ----NEUTRO----33
025f2232-d6c8-45f0-99c7-00bfbb1f04c7,RECALDE, ABDIAS NATANAEL,42101025,IFTS---- ----NEUTRO----33
1e76ed90-7091-425c-b4a5-f7eb8eacf3a3,SEQUEIRA, DANIELA CECILIA,39486620,IFTS---- ----NEUTRO----33
2318f4e1-71c9-4eac-9e21-8469967791a7,SILVA, ELIANA AGOSTINA,37009782,IFTS---- ----NEUTRO----33
626f963d-3012-46d9-8ec5-1feb6ed65c2c,VILLCA MAMANI, DAVID,46291167,IFTS---- ----NEUTRO----33
4bd990cf-3867-4743-99cc-98cd7b881fb0,VIVEROS, AYLEN NOEMI,42077022,IFTS---- ----NEUTRO----33
b16d58cb-adca-4bf2-832b-4a699d4ee824,CANO, AYELEN NAHIR,32953036,IFTS---- ----NEUTRO----33
4dd338de-e379-4c7b-800a-cdd7148a241e,CANOVAS, MARISA FABIANA,20887691,IFTS---- ----NEUTRO----33
6393120b-abba-40d3-81d7-b23f68e70f72,CORDOBA, ALEJANDRO ALBERTO,28950407,IFTS---- ----NEUTRO----33
3d4b44f4-bfaa-4a0f-a4d3-b0e4b2687543,ESPINDOLA, MACARENA GISELLE,37806833,IFTS---- ----NEUTRO----33
beee6400-383b-43f4-ac72-8e4a9ca0f06c,GODOY, MARINA,33115754,IFTS---- ----NEUTRO----33
b613f121-99d7-476c-9eb7-9f9fe4bbeca3,SORIA, OCTAVIO JESUS,45476445,IFTS---- ----NEUTRO----33
99f9e720-baff-40b4-ad3e-7d9bec7c6326,ABREGU, NARA GIULIANA,45749444,IFTS---- ----NEUTRO----33
33d25556-2594-4821-8aaa-b79cb5f944fa,AGUIRRE, NAHIARA MAILEN,46346748,IFTS---- ----NEUTRO----33
da530e12-9f10-4608-9230-69bc7e31d1a6,AQUINO, DANIELA SOLEDAD,29392567,IFTS---- ----NEUTRO----33
42605fed-1328-449a-891a-18ae45364daa,BENITEZ, CAROLINA ROCIO,39559449,IFTS---- ----NEUTRO----33
b884e02c-dc97-4da4-bfb1-65d1868c8d80,BLANCO, LEONARDO,45017016,IFTS---- ----NEUTRO----33
28b786c7-7a0c-45b6-af87-04be3dd164a2,BRUNETTI, AGUSTÍN NICOLÁS,42656661,IFTS---- ----NEUTRO----33
c8825342-0671-4304-8e86-d50fe968687d,CABRERA GONZALEZ, CINTIA SOFIA,30307705,IFTS---- ----NEUTRO----33
cb19cfe6-5c5c-458e-a267-1f038eed48a6,CANO, LUCIA,38614825,IFTS---- ----NEUTRO----33
7eaefec3-bfcc-41e2-9736-4df6b4054cc8,CISNERO, GISELA RAMONA,28499115,IFTS---- ----NEUTRO----33
6cb0d146-53b4-48ea-be71-60c6a4da796e,GAITAN, MARIA EMILIA,30448123,IFTS---- ----NEUTRO----33
2eb95f2e-a1d1-4c02-a8d5-2da9dfec7d30,GARCIA, SABRINA ALEJANDRA,29735471,IFTS---- ----NEUTRO----33
2cff1f1b-eb12-48a9-b7ae-e82bf32c3fe4,GIL, ANDREA ANALIA,38847334,IFTS---- ----NEUTRO----33
073c72f8-cf61-471b-81a0-bff86830262c,GOMEZ, WENDA ANTONELLA,38317766,IFTS---- ----NEUTRO----33
4da23f39-9593-4e8b-b7ac-25dba1604867,HUANCA MAMANI, DAIANA,42251257,IFTS---- ----NEUTRO----33
a830b95c-1242-4b9d-8727-a8692415e000,LEDESMA, YOHANA ELIZABETH,37467639,IFTS---- ----NEUTRO----33
247a4a1f-d274-42f5-8766-06c54980ca65,LEOZ, MARIA JOSEFA,10728337,IFTS---- ----NEUTRO----33
e612d25a-8107-4a80-b9b2-490d07819eb3,LUBERIAGA, AGUSTINA AZUL,47348116,IFTS---- ----NEUTRO----33
92e6633a-bc47-40c8-a15a-ad9605eb518c,QUINTEROS, SANDRA BELEN,34180205,IFTS---- ----NEUTRO----33
d6f1a9e7-8a94-4823-ba71-57c8c8b093a3,QUIROZ, TAMARA SOFIA,47028454,IFTS---- ----NEUTRO----33
eb4f800a-0950-4d58-8808-b177a56b1ba0,RIVA ZAMBRANA, JIMENA ELIZABETH,36171275,IFTS---- ----NEUTRO----33
da9549f9-8209-43b1-bce9-e28ac7f4a7e7,RODRIGUEZ, IGNACIO ARIEL,40641852,IFTS---- ----NEUTRO----33
268147e3-aba1-457a-a1fd-5cf31ce90afa,ROJAS, ANA PAULA,38690672,IFTS---- ----NEUTRO----33
70375ea2-14c8-44b0-a405-fbc066b0fa2c,RUOCCO, ADRIANA ELIZABETH 19121,92169535,IFTS---- ----NEUTRO----33
15da5f25-39e1-467f-8fa1-876b0235dc48,SUBOTOVSKY, CAROLINA,415393699,IFTS---- ----NEUTRO----33
89786f8b-d400-4ceb-9c38-ab3ec452978d,URZAGASTI, LORENA LUJAN,44895403,IFTS---- ----NEUTRO----33
69715121-eb62-45b0-aee3-7c0322c9c031,VIGABRIEL, AARON SANTIAGO,44655299,IFTS---- ----NEUTRO----33
9e60c61e-30d0-4ffd-8254-6fc4429b72df,ALBA SOFIA, ARANDA,40238902,IFTS---- ----NEUTRO----33
62d6a2ce-e643-4763-a73a-7dc1513c69fb,BUSTAMANTE, LILIANA KARINA,23053272,IFTS---- ----NEUTRO----33
84694502-aaeb-40f5-be28-a9fab295067e,CABRERA, MARTIN ALEJANDRO,45042343,IFTS---- ----NEUTRO----33
33423c36-43e0-40bd-8e44-4f3d2dad7e95,COLLAO NUEZ, DIANA CLAUDIA,93282593,IFTS---- ----NEUTRO----33
86de7803-1762-412a-98ec-1d8514002171,CRISPIN CORNEJO, MAGALY ROCIO,93993727,IFTS---- ----NEUTRO----33
581fdd75-5bdc-4490-8349-c8d2e4f1c5fa,CUELLO, FLAVIA ANABEL,34858449,IFTS---- ----NEUTRO----33
c87c0186-47f9-42c4-9016-6a42de7c3a79,DELGADILLO SALAZAR, KARINA,94173307,IFTS---- ----NEUTRO----33
1857770f-062e-4abe-9bc4-3caccd6ef297,FERNANDEZ, JUAN MARIA,37952325,IFTS---- ----NEUTRO----33
33409ed1-93f3-49aa-b7f5-aa24827c2ea5,ISASI, ORIANA,43115936,IFTS---- ----NEUTRO----33
8d730318-ef61-482c-ba36-c2de9e875abf,LEGUIZAMON, ELIANA ALEJANDRA,30742041,IFTS---- ----NEUTRO----33
8112af65-7df7-4cc8-a007-0396ce531193,MARTINEZ, SOL NOELIA,41837264,IFTS---- ----NEUTRO----33
1cac7036-579e-4898-931f-b6747740963b,OVEJERO, AYLEN ABIGAIL,35862011,IFTS---- ----NEUTRO----33
3b475fac-a65e-4ad2-9693-6b79841409f9,PINTO, YAMILA CYNTHIA,34392450,IFTS---- ----NEUTRO----33
ce4fe3ed-534a-4217-a322-b3c543caf199,ROJAS TACURI, VANESSA LISETH,94074221,IFTS---- ----NEUTRO----33
47cb923c-6d4e-4ee7-8097-c19f449f7855,SAYAL, PABLO EMANUEL,28630548,IFTS---- ----NEUTRO----33
dc641f75-261a-4da4-9b79-637ad83db983,SORUCO, MIRIAM,36350889,IFTS---- ----NEUTRO----33
9d547a56-ed4e-4acb-8d39-a1554f75f36a,TOLEDO LEIVA, PAULA ROCIO,41398144,IFTS---- ----NEUTRO----33
435ff91f-66d0-4e87-9ae7-9ed84412a1e7,UNGER, MARIA GUADALUPE,30064417,IFTS---- ----NEUTRO----33
c38a86fb-5d34-4c1b-a887-d1d5805f0e55,VALDIVIA, ANA LAURA,45682543,IFTS---- ----NEUTRO----33
ba02d916-3d87-4d1f-a1a1-bd6bd61f0bff,ZAMBIAZZO, ROMINA GISELA,39490076,IFTS---- ----NEUTRO----33
6a422c4c-c49c-471c-ba49-ebcdde47ca9d,ZAPATA NORIEGA, JAYDER MAGUIN,96217711,IFTS---- ----NEUTRO----33
7e03b334-ff38-4c00-a07e-ef06c1b46bab,AGUILAR, ALEJANDRA,29304924,IFTS---- ----NEUTRO----33
a3b4987b-ff91-499d-8bd1-2c841172acf5,CHOQUE HUARACHI, BRIAN ARNALDO,43169640,IFTS---- ----NEUTRO----33
e0717c00-f0a0-412f-af1a-fbd037d0e1e0,DALESIO, FLORENCIA,30591429,IFTS---- ----NEUTRO----33
efa0bb56-ea46-4663-84f6-0cb6aefcb561,DOMINGUEZ MARTINEZ, MAURA ZULEMA,95520898,IFTS---- ----NEUTRO----33
ec8a6d5e-9242-43c1-b697-2475c6415d00,GARCIA, ANGELA ROMINA,41834753,IFTS---- ----NEUTRO----33
38b956fc-9ef2-484b-b7fd-edddbc7e2208,GOMEZ, WALTER EDGARDO,29285196,IFTS---- ----NEUTRO----33
6c0cc441-3002-4766-9b46-e0589bd0f3c6,GUELET, ANA BELEN,41133792,IFTS---- ----NEUTRO----33
da03479b-c861-4e2b-92ce-839aaae7bcf1,INSAURRALDE, MAYRA YANINA,38027362,IFTS---- ----NEUTRO----33
a811cda1-4c4a-4e07-bc46-6280bffce53f,RICARDO YSAACS, MARIA AYELEN,38998705,IFTS---- ----NEUTRO----33
3d79ec1b-b4e8-45ad-b039-b4b38b7431fc,ROMAN, GISELLE,39243384,IFTS---- ----NEUTRO----33
b1108009-280e-46e7-b4ac-07ec07891a86,SERRANO, TANIA GISELLE,38892181,IFTS---- ----NEUTRO----33
c9c4f6f1-d0c9-4321-a887-9ea576da9daf,VILCHE, LORENA RAQUEL,30136414,IFTS---- ----NEUTRO----33
81e61661-39d2-4f3f-ae12-53e82a22d868,VILLARRUEL, ANALIA MARIANA,21453085,IFTS---- ----NEUTRO----33
196488e4-2bee-4fb9-87ff-7d1456a5ffc0,ACOSTA, CELESTE SOLEDAD,46273217,IFTS---- ----NEUTRO----33
b125dc4f-3669-4436-9419-b32cacfa8059,BARRAZA, ELIAS RUBEN,34331137,IFTS---- ----NEUTRO----33
9c3e3165-c894-44db-a8f6-5ea5048e45b1,BENITEZ, ANTONELA BLANCA,46890938,IFTS---- ----NEUTRO----33
cab04811-ff63-42fd-8cc9-9a23614c06b6,BERTHALET BLANCO, DAVID ALBERTO,47028377,IFTS---- ----NEUTRO----33
01b2b307-b0a5-4a35-b4e7-61ed0e7c8069,CABRAL PORTILLO, YENNY GERONIMA,94195199,IFTS---- ----NEUTRO----33
1978d8eb-0e13-4357-b705-a1d30ccb4a7e,CABRAL, ANGEL GABRIEL,37243760,IFTS---- ----NEUTRO----33
6c5d879c-f7e9-4bad-b855-a86b3fea2409,CERDAN, CHRISTIAN DANIEL,33655417,IFTS---- ----NEUTRO----33
06a16569-16fb-475f-87c7-6f75e7769c06,CORREA MORE, IGNACIO OSMAN,46754978,IFTS---- ----NEUTRO----33
091d7d32-0e10-4824-9a2d-a0a0193353be,DIAZ DEL VACCHIO, FEDERICO NAHUEL,32852639,IFTS---- ----NEUTRO----33
c9bb8179-bb72-41a2-8e29-06084ef4abd8,ESPINOZA LUJAN, JHOHANN ANDRES,95126447,IFTS---- ----NEUTRO----33
626d2f88-f7ed-4f01-9de0-55c2b2d4f70f,FERRESSINI, JAZMIN AGUSTINA,46504045,IFTS---- ----NEUTRO----33
698719b9-3881-487d-a57f-3786c3270d8c,GARCETE DIAZ, GISSEL ARAMI,94420640,IFTS---- ----NEUTRO----33
73a60132-8fb4-46ca-9462-1668207ea22c,GAZZOLA, TEO KEHUEL,44714185,IFTS---- ----NEUTRO----33
782e5c5a-2c69-4e18-80e3-2c2d233cfba4,GONZALEZ CZEREDNIKOW, SABRINA ALEJANDRA,35069680,IFTS---- ----NEUTRO----33
2f0f177d-d0d7-451d-9a5b-d21d65f74589,HUARAYO, NESTOR AUGUSTO,30652746,IFTS---- ----NEUTRO----33
eac189d7-8280-42fc-a80f-c99675dbc71c,JAIMES ORTEGA, GABRIEL ALEJANDRO,44054372,IFTS---- ----NEUTRO----33
00d26202-6c30-499c-a88b-c7388680823d,MACHACA GUTIERREZ, JOSE LUIS,39102063,IFTS---- ----NEUTRO----33
5ddc386b-79d2-4b6b-b570-8b2d56f4ab6a,MENCIA VILCAHUAMAN, ALISSON REBECA,94738942,IFTS---- ----NEUTRO----33
06099292-e49a-4663-a316-5ac09dff8430,MERCEDES DE LA CRUZ, CLEIRY,93902268,IFTS---- ----NEUTRO----33
760bd45f-7c78-425a-ac42-aef208e1670a,MIRAMONTES, POYEN RAKUY,47169200,IFTS---- ----NEUTRO----33
d66c71c1-7756-4eff-95ee-9a10dc8da8ba,MOLINA, ROCIO,41667131,IFTS---- ----NEUTRO----33
9719a81c-5fe8-4c1a-ac3f-3fd5484e2157,PARRONDO, NORMA,29696952,IFTS---- ----NEUTRO----33
060dc6c6-41df-4b35-b7dc-4f30bf68fc82,PINTO, OLIVER ALEX,38686774,IFTS---- ----NEUTRO----33
4797f7b6-c0c1-4954-a3c3-4cd50be9b3a7,REVERENDO, GUSTAVO JAVIER,20410339,IFTS---- ----NEUTRO----33
31661b37-8409-4041-bf9b-4766d33d935b,REYES CORTEGOSO, EMILIA,46755756,IFTS---- ----NEUTRO----33
a808e72d-0c2d-4fbf-b1ca-0dd652aeaa0a,ROJAS RUIZ DIAZ, GLADYS LETICIA,45927469,IFTS---- ----NEUTRO----33
4308134f-0bb8-4b2f-ada1-315d728a3988,SANTOS, RICARDO RUBEN,30374306,IFTS---- ----NEUTRO----33
0dafc820-975c-4ffc-aa77-3473f994f479,SILES AIMA, MARIA EMILIA,94640793,IFTS---- ----NEUTRO----33
de70cf1e-cf56-47e1-8538-aeae690e6d3b,SOLANO VILLEGAS, BRETZHY MICHELLE,94944812,IFTS---- ----NEUTRO----33
31b27f76-f5ea-475f-b0fd-f0b75bcdec08,SORIA, ANALIA VERONICA,27769225,IFTS---- ----NEUTRO----33
e041be33-a298-4b0e-baaf-0e3fc1e580c6,TABOADA, CRISTIAN DAVID,34999099,IFTS---- ----NEUTRO----33
fd49e5eb-3860-499e-8ed4-0584b6742fa6,VILLEGAS, BRUCE GERMAN,35254122,IFTS---- ----NEUTRO----33
d197c526-ab3a-4fbe-a7f5-8645cc45b038,ALBINES GUEVARA,JHORDI AARON,95966712,IFTS---- ----NEUTRO----33
beebe0d1-cfd3-4ef6-8b0d-aa1ef81b33a4,CAMACHO MARTINEZ, REYNALDO,45153416,IFTS---- ----NEUTRO----33
53c6ae75-9cfb-42cd-aa30-ddb99b15bd20,LUQUE, ADRIANA,20192619,IFTS---- ----NEUTRO----33
d619be79-49c6-4ded-b2c3-4294d6db0eea,MAQUIEIRA, MARIA ANGELICA,36117720,IFTS---- ----NEUTRO----33
e4742d2f-08b8-41c3-8ce1-7d96c1f00d00,PALAZZO, ANTONELLA,33850433,IFTS---- ----NEUTRO----33
229633f1-5b41-4511-b438-93d39e5652ce,CABRERA, MARCOS,44789092,IFTS---- ----NEUTRO----33
55af039f-a72f-4e56-80ad-e195a6b5df4d,FABIANO, NICOLAS GUILLERMO,30409183,IFTS---- ----NEUTRO----33
29eedc12-ab42-4a6a-9410-b0d4131e7844,GAUNA, MARIANA NOELIA BEATRIZ,43661989,IFTS---- ----NEUTRO----33
33f064ad-f09c-4188-bc53-a2d8362ed2da,GIACCHE, CRISTIAN SEBASTIAN,37008409,IFTS---- ----NEUTRO----33
1ccc61af-2f9d-42af-89f3-f5626ac7b9d7,MACUSHAPI, EROS,40733209,IFTS---- ----NEUTRO----33
1668413c-3d5b-4f8e-b290-5ee8910ec78a,MARTINEZ CARLOS, LUIS FERNANDO,94671083,IFTS---- ----NEUTRO----33
4b4a5189-86fa-4665-980d-ed7adece9ed1,ROCHA SORIA, NICOLAS SEBASTIAN,30065729,IFTS---- ----NEUTRO----33
3ec4f2cc-95cc-411a-8e2f-a3010264d7d5,VILLA, HERNAN MAXIMILIANO,32031668,IFTS---- ----NEUTRO----33
e10fa300-ee88-4872-8d64-2505808747ed,BRIGNONE, BRENDA SOFIA,39465779,IFTS---- ----NEUTRO----33
fd7de680-7310-4e8e-9afe-d469d5fa4dee,CAMPOYA, NICOLAS,46204201,IFTS---- ----NEUTRO----33
d75ac9ad-4a6e-4218-b724-fe5ff45bc0c5,COLQUE, MIGUEL LEONARDO,30835722,IFTS---- ----NEUTRO----33
1a8524d6-d699-412b-b9cb-d69c96521de7,MACHACA, MARCELO ALEJANDRO,34355415,IFTS---- ----NEUTRO----33
deb63152-3804-4df5-9c5a-1e40f25a80c3,VERGARA, JUAN EDUARDO,46018418,IFTS---- ----NEUTRO----33
dbc65fe0-5892-49d9-a8a6-c57b54003cbb,AGUIRRE, FEDERICO NAHUEL,39371716,IFTS---- ----NEUTRO----33
b1883748-05b7-46cd-8af1-6d03c6041e5a,BEGNINI, LUIS RICARDO,23568471,IFTS---- ----NEUTRO----33
b933a36d-6794-41d6-a975-6511bfb67b53,Callisaya, Jaime Javier,21461688,IFTS---- ----NEUTRO----33
ad6d4be3-033b-4ba9-b6ec-330ecbc61f48,FELIPE ROCHA, GONZALO,45930966,IFTS---- ----NEUTRO----33
355ff183-78e2-4074-af97-06d07a97e63f,GARCÍA, FACUNDO,36359512,IFTS---- ----NEUTRO----33
aa982863-7912-447a-a43e-9868fd208373,MURILLO, LUCAS DANIEL,41714020,IFTS---- ----NEUTRO----33
