APELLIDO;NOMBRE;EMAIL;INSTITUCION;CURSO;TURNO;COMISION;DNI
ALARCON APARICIO;MIJAIL ALEXIS;alex_88_lopez@hotmail.com;CFP 17;MONTADOR ELECTRICISTA DOMICILIARIO;MAÑANA;1;94050434
ARAMAYO;DIEGO FERNANDO;diegoaramayo_10@hotmail.com;CFP 17;MONTADOR ELECTRICISTA DOMICILIARIO;MAÑANA;1;36320073
BLANCO;LUIS EDUARDO;luis.e.blanco@hotmail.com;CFP 17;MONTADOR ELECTRICISTA DOMICILIARIO;MAÑANA;1;22533986
CERVANTES;ANGEL GABRIEL;cervantesangel142@gmail.com;CFP 17;MONTADOR ELECTRICISTA DOMICILIARIO;MAÑANA;1;43627269
COANQUE GRAGEDA;IVAN EZEQUIEL;ivan.coanque.1994@gmail.com;CFP 17;MONTADOR ELECTRICISTA DOMICILIARIO;MAÑANA;1;38498817
DE LOS SANTOS ENCARNACION;LEWIS DAVID;pencarnacion48@gmail.com;CFP 17;MONTADOR ELECTRICISTA DOMICILIARIO;MAÑANA;1;95438208
EDMUNDS;OCTAVIO NICOLAS;edmundsoctavio@gmail.com;CFP 17;MONTADOR ELECTRICISTA DOMICILIARIO;MAÑANA;1;40673557
ESPINOZA;RAMON MANUEL;espinozaramon337@gmail.com;CFP 17;MONTADOR ELECTRICISTA DOMICILIARIO;MAÑANA;1;44484456
FELDMAN AGUERO;AXEL DAVID;axellucho2005@gmail.com;CFP 17;MONTADOR ELECTRICISTA DOMICILIARIO;MAÑANA;1;46500630
FIORI;NESTOR JORGE;nestorfiori@gmail.com;CFP 17;MONTADOR ELECTRICISTA DOMICILIARIO;MAÑANA;1;27374190
HERNANDEZ;MARIA CANDELA;candeher@gmail.com;CFP 17;MONTADOR ELECTRICISTA DOMICILIARIO;MAÑANA;1;33516232
HERRERA;DIEGO DAVID;herreradiego02@gmail.com;CFP 17;MONTADOR ELECTRICISTA DOMICILIARIO;MAÑANA;1;27630359
JORGE;ALEJANDRO HUGO;ahjorge75@hotmail.com;CFP 17;MONTADOR ELECTRICISTA DOMICILIARIO;MAÑANA;1;23805936
MEDINA; MATIAS NAHUEL;matiasmedina4568@gmail.com;CFP 17;MONTADOR ELECTRICISTA DOMICILIARIO;MAÑANA;1;45686019
MONTERO;PALOMA;palomamontero399@gmail.com;CFP 17;MONTADOR ELECTRICISTA DOMICILIARIO;MAÑANA;1;44699276
MORAIS SASIAS;LUIS MARCELO;luismarcelomorais37@gmail.com;CFP 17;MONTADOR ELECTRICISTA DOMICILIARIO;MAÑANA;1;92610381
MUGNECO WALLNOFER;BRUNO;burnomugneco@gmail.com;CFP 17;MONTADOR ELECTRICISTA DOMICILIARIO;MAÑANA;1;37245282
MUÑOZ MIÑO;JOSE SANTOS;pepesantosmm@hotmail.com;CFP 17;MONTADOR ELECTRICISTA DOMICILIARIO;MAÑANA;1;19085877
OLMOS;JOSE MARIA;hayawattta@gmail.com;CFP 17;MONTADOR ELECTRICISTA DOMICILIARIO;MAÑANA;1;28629370
PANIURA HUARI;RENZO SEBASTIAN;renzosebastian111@gmail.com;CFP 17;MONTADOR ELECTRICISTA DOMICILIARIO;MAÑANA;1;95003261
PARODI;EDUARDO GABINO;eduardo.gparodi@gmail.com;CFP 17;MONTADOR ELECTRICISTA DOMICILIARIO;MAÑANA;1;28034254
PIERGENTILI;GUILLERMO FERNANDO;guillermopiergentili@gmail.com;CFP 17;MONTADOR ELECTRICISTA DOMICILIARIO;MAÑANA;1;30009626
VELAZQUEZ CENTURION;GUSTAVO CIRILO;gustavo-centurion1@hotmail.com;CFP 17;MONTADOR ELECTRICISTA DOMICILIARIO;MAÑANA;1;92939732
VILLATA;GONZALO EMMANUEL;gonzalovillata01@gmail.com;CFP 17;MONTADOR ELECTRICISTA DOMICILIARIO;MAÑANA;1;43661719
CACERES BENGOA;RICHARD WILFREDO;dyg.serviciosexpress@gmail.com;CFP 17;MONTADOR ELECTRICISTA DOMICILIARIO;TARDE;2;93889700
CAMELIONE;GUIDO;guido.camelione@hotmail.com;CFP 17;MONTADOR ELECTRICISTA DOMICILIARIO;TARDE;2;37357684
CARBAJAL MAGNO;ALICIA;aliciaali4444@gmail.com;CFP 17;MONTADOR ELECTRICISTA DOMICILIARIO;TARDE;2;94319297
CARPIO;GERMAN;jdgcz@hotmail.com;CFP 17;MONTADOR ELECTRICISTA DOMICILIARIO;TARDE;2;18788472
OLAZABAL;JAVIER EDUARDO;olazjav@gmail.com;CFP 17;MONTADOR ELECTRICISTA DOMICILIARIO;TARDE;2;29903983
OLAZAR;LEANDRO MATIAS;leandro.olazar@hotmail.com.ar;CFP 17;MONTADOR ELECTRICISTA DOMICILIARIO;TARDE;2;31913838
QUISPE SILES;EINAR EZEQUIEL;einar.kizp@gmail.com;CFP 17;MONTADOR ELECTRICISTA DOMICILIARIO;TARDE;2;43001208
REVOLLO;RAUL RICARDO;revolloraul@gmail.com;CFP 17;MONTADOR ELECTRICISTA DOMICILIARIO;TARDE;2;33905746
RODRIGUEZ;NICOLAS LEONEL;nicolasbohemio548@gmail.com;CFP 17;MONTADOR ELECTRICISTA DOMICILIARIO;TARDE;2;45146310
ROSSELL;JORGE HORACIO;jorgerossell199@gmail.com;CFP 17;MONTADOR ELECTRICISTA DOMICILIARIO;TARDE;2;18183496
SANCHEZ;YASMIN ANDREA;yasminandreasanchez@outlook.com;CFP 17;MONTADOR ELECTRICISTA DOMICILIARIO;TARDE;2;36077353
TOLABA;ANABEL;anabeltolaba79@gmail.com;CFP 17;MONTADOR ELECTRICISTA DOMICILIARIO;TARDE;2;29241450
YOVERA PARIONA;GIANCARLO EDUARDO;giankarloy@gmail.com;CFP 17;MONTADOR ELECTRICISTA DOMICILIARIO;TARDE;2;44092783
ANTONIO;GUSTAVO ALEJANDRO;gus876gp@gmail.com;CFP 17;MONTADOR ELECTRICISTA DOMICILIARIO;TARDE;3;25115237
AQUINO;VANESA DEL CARMEN;peque_629@hotmail.com;CFP 17;MONTADOR ELECTRICISTA DOMICILIARIO;TARDE;3;26848359
BORDA HERRERA;JONATAN BENJAMIN;jonatanbherrera@gmail.com;CFP 17;MONTADOR ELECTRICISTA DOMICILIARIO;TARDE;3;42874293
BRUSA;MARCOS LUIS;marcolb@live.com.ar;CFP 17;MONTADOR ELECTRICISTA DOMICILIARIO;TARDE;3;35323412
DUGLIOTTI;MATIAS EZEQUIEL;matdugliotti@gmail.com;CFP 17;MONTADOR ELECTRICISTA DOMICILIARIO;TARDE;3;43242172
ESCAMES;LIONEL DARIO;liojache77@gmail.com;CFP 17;MONTADOR ELECTRICISTA DOMICILIARIO;TARDE;3;26402044
ESTRADA HUINCHO;WILFREDO RUBEN;estradawily84@gmail.com;CFP 17;MONTADOR ELECTRICISTA DOMICILIARIO;TARDE;3;93891408
GUTIERREZ;SERGIO JESUS;gutierrezsj2018@gmail.com;CFP 17;MONTADOR ELECTRICISTA DOMICILIARIO;TARDE;3;33586082
PAREDES;NAZARENO EMILIANO;rojo_pura_pasion@hotmail.com;CFP 17;MONTADOR ELECTRICISTA DOMICILIARIO;TARDE;3;35161743
QUIÑONEZ;TEODORO MARTIN;martinquinones703@gmail.com;CFP 17;MONTADOR ELECTRICISTA DOMICILIARIO;TARDE;3;24344405
REGALZI;GISEL VIVIANA;giselregalzi@hotmail.com;CFP 17;MONTADOR ELECTRICISTA DOMICILIARIO;TARDE;3;31418582
ROBERTI;TATIANA;tatianaroberti94@gmail.com;CFP 17;MONTADOR ELECTRICISTA DOMICILIARIO;TARDE;3;37981288
RODRIGUEZ VEREAU;JOSE LUIS;dmitry0jl@gmail.com;CFP 17;MONTADOR ELECTRICISTA DOMICILIARIO;TARDE;3;93970269
ROMERO;JOSE MARTIN;martiiin_79@yahoo.com.ar;CFP 17;MONTADOR ELECTRICISTA DOMICILIARIO;TARDE;3;22984068
SERRA;CARLOS ALBERTO;chicheserra11@gmail.com;CFP 17;MONTADOR ELECTRICISTA DOMICILIARIO;TARDE;3;4418806
TORRES;TOBIAS ISABELINO;torrestobias871@gmail.com;CFP 17;MONTADOR ELECTRICISTA DOMICILIARIO;TARDE;3;46393831
VAZQUEZ;CARLO RUBEN;ruben984528@gmail.com;CFP 17;MONTADOR ELECTRICISTA DOMICILIARIO;TARDE;3;38983665
VILLEGAS;PABLO ADRIAN;pabloavillegas317@gmail.com;CFP 17;MONTADOR ELECTRICISTA DOMICILIARIO;TARDE;3;30223500
AVALOS FERNANDEZ;ELIAS;elias.avalos99@outlook.com;CFP 17;MONTADOR ELECTRICISTA DOMICILIARIO;NOCHE;4;42023584
CRUZ;NELSON EDUARDO;NELSONEDUCRUZ71@GMAIL.COM;CFP 17;MONTADOR ELECTRICISTA DOMICILIARIO;NOCHE;4;22209924
FRACASSI;HORACIO GUSTAVO;horaciogustavofracassi@gmail.com;CFP 17;MONTADOR ELECTRICISTA DOMICILIARIO;NOCHE;4;22808942
GARCIA FERNANDEZ;HUGO RAFAEL;hugogasmat@gmail.com;CFP 17;MONTADOR ELECTRICISTA DOMICILIARIO;NOCHE;4;37341476
GAY;FRANCISCO CESAR MARTIN;franciscomartinc99@gmail.com;CFP 17;MONTADOR ELECTRICISTA DOMICILIARIO;NOCHE;4;41428299
LONGHI;ALBERTO MIGUEL;alonghiexpress@gmail.com;CFP 17;MONTADOR ELECTRICISTA DOMICILIARIO;NOCHE;4;33570470
MIRAMONTES;GUIDO FRANCISCO;guidomiramontes6@gmail.com;CFP 17;MONTADOR ELECTRICISTA DOMICILIARIO;NOCHE;4;42224736
MORALES MARTINEZ;LUIS ALBERTO;MMO.MORALES.LUIS@GMAIL.COM;CFP 17;MONTADOR ELECTRICISTA DOMICILIARIO;NOCHE;4;36307916
PERAYRA;EZEQUIEL DANIEL;EZE219@HOTMAIL.COM;CFP 17;MONTADOR ELECTRICISTA DOMICILIARIO;NOCHE;4;35365502
PEREYRA;OSCAR HORACIO;NEGRO_OSCAR32@HOTMAIL.COM;CFP 17;MONTADOR ELECTRICISTA DOMICILIARIO;NOCHE;4;23701837
QUIPILDOR;MAURICIO RAFAEL;mauricioquipi24@gmail.com;CFP 17;MONTADOR ELECTRICISTA DOMICILIARIO;NOCHE;4;20701133
ROUGOUSKI;ALFREDO DANIEL;ALFREDO1979@GMAIL.COM;CFP 17;MONTADOR ELECTRICISTA DOMICILIARIO;NOCHE;4;27769983
SALVATIERRA;GUSTAVO RUBEN;GUSTAVOSALVATIERRA@LIVE.COM.AR;CFP 17;MONTADOR ELECTRICISTA DOMICILIARIO;NOCHE;4;34923380
VERGARA COCCO;ERWIN DINO;VERGARA.ERWIN@GMAIL.COM;CFP 17;MONTADOR ELECTRICISTA DOMICILIARIO;NOCHE;4;92844980
GARCIA;GUSTAVO ALDO;gustalgarcia@gmail.com;CFP 17;MONTADOR DE INSTALACIONES DOMICILIARIAS DE GAS;MAÑANA;1;13800280
GUTIERREZ;SERGIO RAMIRO;sergiorgutierrez89@gmail.com;CFP 17;MONTADOR DE INSTALACIONES DOMICILIARIAS DE GAS;MAÑANA;1;23794884
NOVILLO;SEBASTIAN;sebaakira2020@gmail.com;CFP 17;MONTADOR DE INSTALACIONES DOMICILIARIAS DE GAS;MAÑANA;1;31008689
PROSERPIO;JULIA ANDREA;juliaproserpio@gmail.com;CFP 17;MONTADOR DE INSTALACIONES DOMICILIARIAS DE GAS;MAÑANA;1;25640964
QUISPE SILES;EINAR EZEQUIEL;einar.kizp@gmail.com;CFP 17;MONTADOR DE INSTALACIONES DOMICILIARIAS DE GAS;MAÑANA;1;43001208
SZUKA;JORGE EDUARDO;jeszuka@gmail.com;CFP 17;MONTADOR DE INSTALACIONES DOMICILIARIAS DE GAS;MAÑANA;1;31685447
TAIBBA;IRENE FANNY; lasplayas99@gmail.com;CFP 17;MONTADOR DE INSTALACIONES DOMICILIARIAS DE GAS;MAÑANA;1;93556085
AVOLIO;ALBERTO DANIEL;albertoavolio317@gmail.com;CFP 17;MONTADOR DE INSTALACIONES DOMICILIARIAS DE GAS;TARDE;2;16554301
BAUTISTA;SUSANA ESTER;susanabautista275@gmail.com;CFP 17;MONTADOR DE INSTALACIONES DOMICILIARIAS DE GAS;TARDE;2;20444010
CHOQUE GARNICA;CARMELO;carmelogarnica10@gmail.com;CFP 17;MONTADOR DE INSTALACIONES DOMICILIARIAS DE GAS;TARDE;2;94092080
DIAZ;SERGIO RAMIRO;diazsergiods@gmail.com;CFP 17;MONTADOR DE INSTALACIONES DOMICILIARIAS DE GAS;TARDE;2;44510424
FLORES MAMANI;CRISTIAN;cristianfloresm1995@gmail.com;CFP 17;MONTADOR DE INSTALACIONES DOMICILIARIAS DE GAS;TARDE;2;94239754
LUNA CAMINO;AYRTON NAHUEL;ayrton.luna4@gmail.com;CFP 17;MONTADOR DE INSTALACIONES DOMICILIARIAS DE GAS;TARDE;2;43175805
MAMONE;CESAR OMAR;mamonecesaromar@yahoo.com.ar;CFP 17;MONTADOR DE INSTALACIONES DOMICILIARIAS DE GAS;TARDE;2;25556922
RAMOS;ALEJANDRO;alejandroramos@hotmail.com;CFP 17;MONTADOR DE INSTALACIONES DOMICILIARIAS DE GAS;TARDE;2;33950224
TORALES;EVELYN ANAHI;torales.evelyn99@gmail.com;CFP 17;MONTADOR DE INSTALACIONES DOMICILIARIAS DE GAS;TARDE;2;42056890
VERGARA;GENCIANO FABIAN;fabiangenciano@gmail.com;CFP 17;MONTADOR DE INSTALACIONES DOMICILIARIAS DE GAS;TARDE;2;24401745
ZALAZAR;CLAUDIO MARCELO;zalazarclaudio529@gmail.com;CFP 17;MONTADOR DE INSTALACIONES DOMICILIARIAS DE GAS;TARDE;2;17928335
BARRIONUEVO;GUSTAVO ADRIAN;gabarrionuevo@gmail.com;CFP 17;MONTADOR DE INSTALACIONES DOMICILIARIAS DE GAS;NOCHE;3;27281401
CARABALLO ROCHA;EDSON ALEX;edson_caraballo@hotmail.com.ar;CFP 17;MONTADOR DE INSTALACIONES DOMICILIARIAS DE GAS;NOCHE;3;94467532
CARRIZO; GILBERTO ATILIO;carrizobeto856@gmail.com;CFP 17;MONTADOR DE INSTALACIONES DOMICILIARIAS DE GAS;NOCHE;3;26009188
DE OLAZABAL;GASTON EZEQUIEL;zekelimon@gmail.com;CFP 17;MONTADOR DE INSTALACIONES DOMICILIARIAS DE GAS;NOCHE;3;31270903
FLORES QUINTANA;CESAR AUGUSTO;cafq_30@hotmail.com;CFP 17;MONTADOR DE INSTALACIONES DOMICILIARIAS DE GAS;NOCHE;3;93887037
GALLARDO; ULISES ABEL;GALLARDOULISES387@GMAIL.COM;CFP 17;MONTADOR DE INSTALACIONES DOMICILIARIAS DE GAS;NOCHE;3;33438480
GIUSTO; DANIEL GONZALO;GIUSTO-MARTINEZ@GMAIL.COM;CFP 17;MONTADOR DE INSTALACIONES DOMICILIARIAS DE GAS;NOCHE;3;22581269
GOMEZ;SAUL REINALDO;GALILEOGALILEI565@GMAIL.COM;CFP 17;MONTADOR DE INSTALACIONES DOMICILIARIAS DE GAS;NOCHE;3;16525661
MACIEL;NICOLAS ALFREDO;NICOLASMACIEL493@GMAIL.COM;CFP 17;MONTADOR DE INSTALACIONES DOMICILIARIAS DE GAS;NOCHE;3;36835193
MECOZZI;GABRIEL SEBASTIAN;MECOZZIGABRIEL9@GMAIL.COM;CFP 17;MONTADOR DE INSTALACIONES DOMICILIARIAS DE GAS;NOCHE;3;33186941
PISERA LUGONES; FACUNDO ARIEL;facundopisera@gmail.com;CFP 17;MONTADOR DE INSTALACIONES DOMICILIARIAS DE GAS;NOCHE;3;47170286
QUINTANA BELLO; MARIANO GERMAN;marianoquintana456@gmail.com;CFP 17;MONTADOR DE INSTALACIONES DOMICILIARIAS DE GAS;NOCHE;3;44361342
RODRIGUEZ;CARINA LORENA;CARIRODRIGUEZ2015@GMAIL.COM;CFP 17;MONTADOR DE INSTALACIONES DOMICILIARIAS DE GAS;NOCHE;3;24476388
ROMERO; JOSE LUIS;clarojose579@gmail.com;CFP 17;MONTADOR DE INSTALACIONES DOMICILIARIAS DE GAS;NOCHE;3;26018374
SERAPIO;ALBERTO ANTONIO;albertoantonio.as@gmail.com;CFP 17;MONTADOR DE INSTALACIONES DOMICILIARIAS DE GAS;NOCHE;3;29934719
TAPIA;JOSE ANTONIO;JANTONIOTAPIA11@GMAIL.COM;CFP 17;MONTADOR DE INSTALACIONES DOMICILIARIAS DE GAS;NOCHE;3;30499016
TARSITANO;MARIO ALFREDO;matarsitano@hotmail.com;CFP 17;MONTADOR DE INSTALACIONES DOMICILIARIAS DE GAS;NOCHE;3;14547970
TRUYEN;LUIS ALBERTO;LUISTRUYENCHE@GMAIL.COM;CFP 17;MONTADOR DE INSTALACIONES DOMICILIARIAS DE GAS;NOCHE;3;20289713
VILLALBA;ALEJANDRO EXCEQUIEL;VILLALBAALEJANDRO23@GMAIL.COM;CFP 17;MONTADOR DE INSTALACIONES DOMICILIARIAS DE GAS;NOCHE;3;43331690
VILLALBA;DIEGO ARIEL;diegoarielvillalba@outlook.com;CFP 17;MONTADOR DE INSTALACIONES DOMICILIARIAS DE GAS;NOCHE;3;39390231
ACCHURA;LUCAS NAHUEL;nahuelmartinez214@gmail.com;CFP 17;GASISTA DOMICILIARIO;NOCHE;1;45808745
ARTUSI;PABLO EZEQUIEL;pablo.artusi1@gmail.com;CFP 17;GASISTA DOMICILIARIO;NOCHE;1;24624433
CALIENDO;FERNANDO JAVIER;fernandocaliendo@hotmail.com;CFP 17;GASISTA DOMICILIARIO;NOCHE;1;28322871
DEL VILLAR UBRAN;JAVIER ADRIAN;JAVIERCALISEN@GMAIL.COM;CFP 17;GASISTA DOMICILIARIO;NOCHE;1;35229687
FRANCO;FACUNDO NAHUEL;fakuukratos@gmail.com;CFP 17;GASISTA DOMICILIARIO;NOCHE;1;41707755
FREDES;MARA STEFANIA;MAROSFREDES@GMAIL.COM;CFP 17;GASISTA DOMICILIARIO;NOCHE;1;38444160
GARCIA ESTELA;YANCARLOS MIGUEL ANGEL;hsjdryhdj@gmail.com;CFP 17;GASISTA DOMICILIARIO;NOCHE;1;95679094
GOMEZ;CARLOS WALTER;CARLOSWALTERGOMEZ74@GMAIL.COM;CFP 17;GASISTA DOMICILIARIO;NOCHE;1;23627656
PEREZ;ALEXIS EZEQUIEL; alexisperez20002014.@gmail.com;CFP 17;GASISTA DOMICILIARIO;NOCHE;1;42873451
QUICHO;CESAR YONATHAN;CESAR.J.Q@HOTMAIL.COM;CFP 17;GASISTA DOMICILIARIO;NOCHE;1;36173300
QUINTEROS; LUIS ANGEL;luisangel.quinteros@yahoo.com.ar;CFP 17;GASISTA DOMICILIARIO;NOCHE;1;23588952
RIVEROS;PEDRO GABRIEL;gabriel.riveros@hotmail.com;CFP 17;GASISTA DOMICILIARIO;NOCHE;1;20954402
ROMAN MOLINARO; DIEGO MARTIN;DIEGO.ROMM@GMAIL.COM;CFP 17;GASISTA DOMICILIARIO;NOCHE;1;18895933
TOLABA;DANIEL GUSTAVO;DANIEL_TOLABA25@HOTMAIL.COM;CFP 17;GASISTA DOMICILIARIO;NOCHE;1;25526328
VALDEZ; ROBERTO GUSTAVO;rgvaldez64@yahoo.com.ar;CFP 17;GASISTA DOMICILIARIO;NOCHE;1;17172222
BOCCUTI;JORGE IGNACIO;jorigni82@gmail.com;CFP 17;MONTADOR DE INSTALACIONES SANITARIAS DOMICILIARIAS;MAÑANA;1;29434224
ENCINAS VARGAS;GALO LAUTARO;galoencinasvargas@gmail.com;CFP 17;MONTADOR DE INSTALACIONES SANITARIAS DOMICILIARIAS;MAÑANA;1;42014334
GOMEZ;VALENTIN ALBERTO;valennn.09@live.com.ar;CFP 17;MONTADOR DE INSTALACIONES SANITARIAS DOMICILIARIAS;MAÑANA;1;43937370
MILLAN;ALBERTO ENRIQUE;aemillan82@gmail.com;CFP 17;MONTADOR DE INSTALACIONES SANITARIAS DOMICILIARIAS;MAÑANA;1;29317531
PACHADO;GUILLERMO PABLO;geminishair@gmail.com;CFP 17;MONTADOR DE INSTALACIONES SANITARIAS DOMICILIARIAS;MAÑANA;1;28813278
PAIVA;JOEL DAVID;david.joel.paiva@gmail.com;CFP 17;MONTADOR DE INSTALACIONES SANITARIAS DOMICILIARIAS;MAÑANA;1;32970165
PAUCAR JURADO;JUAN GABRIEL;jc7900391@gmail.com;CFP 17;MONTADOR DE INSTALACIONES SANITARIAS DOMICILIARIAS;MAÑANA;1;46255928
QUISPE BELTRAN;JUAN CARLOS;juanbeltran@gmail.com;CFP 17;MONTADOR DE INSTALACIONES SANITARIAS DOMICILIARIAS;MAÑANA;1;41474223
ROCHA;RUBEN FRANCISCO;rubenrocha1429159@gmail.com;CFP 17;MONTADOR DE INSTALACIONES SANITARIAS DOMICILIARIAS;MAÑANA;1;26821828
RODRIGUEZ;JUAN ARIEL;juanrodriguez0784@gmail.com;CFP 17;MONTADOR DE INSTALACIONES SANITARIAS DOMICILIARIAS;MAÑANA;1;31632214
ROMERO;JOSE MARTIN;martiiin_79@yahoo.com.ar;CFP 17;MONTADOR DE INSTALACIONES SANITARIAS DOMICILIARIAS;MAÑANA;1;22984068
RUIZ DIAZ;JUAN MANUEL;juanrd110904@gmail.com;CFP 17;MONTADOR DE INSTALACIONES SANITARIAS DOMICILIARIAS;MAÑANA;1;20251943
ALBORNOZ;ARIADNA PILAR;ariadnaalbornoz777@gmail.com;CFP 17;MONTADOR DE INSTALACIONES SANITARIAS DOMICILIARIAS;TARDE;2;45972261
CASARETO;DANTE;dantecasareto@yahoo.com.ar;CFP 17;MONTADOR DE INSTALACIONES SANITARIAS DOMICILIARIAS;TARDE;2;42658661
CAYO;MARIO;mariocayo622@gmail.com;CFP 17;MONTADOR DE INSTALACIONES SANITARIAS DOMICILIARIAS;TARDE;2;23043968
CRESPO;RICARDO GABRIEL;crespogabriel71@gmail.com;CFP 17;MONTADOR DE INSTALACIONES SANITARIAS DOMICILIARIAS;TARDE;2;32236947
MENDEZ;MATIAS NICOLAS;mendez.nicolas91@hotmail.com;CFP 17;MONTADOR DE INSTALACIONES SANITARIAS DOMICILIARIAS;TARDE;2;36598543
MILANES;CINTIA VANESA;cintiamilanes@yahoo.com;CFP 17;MONTADOR DE INSTALACIONES SANITARIAS DOMICILIARIAS;TARDE;2;28287254
NUÑEZ;MAXIMILIANO GASTON;maximilianogaston11@gmail.com;CFP 17;MONTADOR DE INSTALACIONES SANITARIAS DOMICILIARIAS;TARDE;2;29168897
ROJAS;LEONEL;leoyair2016@gmail.com;CFP 17;MONTADOR DE INSTALACIONES SANITARIAS DOMICILIARIAS;TARDE;2;47574715
TABOADA;YONATAN DAMIAN;taboadajohn41@gmail.com;CFP 17;MONTADOR DE INSTALACIONES SANITARIAS DOMICILIARIAS;TARDE;2;40526253
VARGAS GONZALEZ;BELINDA NAZARET;belindanazaret7@gmail.com;CFP 17;MONTADOR DE INSTALACIONES SANITARIAS DOMICILIARIAS;TARDE;2;47071850
VINOGRAD;LIONEL MAURO;lionelmaurovinograd@gmail.com;CFP 17;MONTADOR DE INSTALACIONES SANITARIAS DOMICILIARIAS;TARDE;2;38050928
ABENDAÑO;DIEGO NORBERTO;jujuypiletas@gmail.com;CFP 17;MONTADOR DE INSTALACIONES SANITARIAS DOMICILIARIAS;NOCHE;3;27788159
ALEGRE;LEONARDO JAVIER;LEONARDO.J.ALEGRE@GMAIL.COM;CFP 17;MONTADOR DE INSTALACIONES SANITARIAS DOMICILIARIAS;NOCHE;3;40624335
ALFONSO;SOFIA ABIGAIL;SOFIAALFONSOAB@GMAIL.COM;CFP 17;MONTADOR DE INSTALACIONES SANITARIAS DOMICILIARIAS;NOCHE;3;45053341
BARLOCCO;JUAN LUCIO;juanbarlocco@hotmail.com;CFP 17;MONTADOR DE INSTALACIONES SANITARIAS DOMICILIARIAS;NOCHE;3;35124263
BRAJEDA;JOSE ANTONIO;jabramos85@gmail.com;CFP 17;MONTADOR DE INSTALACIONES SANITARIAS DOMICILIARIAS;NOCHE;3;31359783
CABRERA;MARTIN ROLANDO;MARTIN.R.CABRERA@HOTMAIL.COM;CFP 17;MONTADOR DE INSTALACIONES SANITARIAS DOMICILIARIAS;NOCHE;3;32755542
CAMELIONE;GUIDO;GUIDO.CAMELIONE@HOTMAIL.COM;CFP 17;MONTADOR DE INSTALACIONES SANITARIAS DOMICILIARIAS;NOCHE;3;37357684
CASTILLO;DIEGO ALBERTO;diegocastillo2473@gmail.com;CFP 17;MONTADOR DE INSTALACIONES SANITARIAS DOMICILIARIAS;NOCHE;3;34987469
CHAVEZ;VICTOR MARIANO;victormarianochavez20@gmail.com;CFP 17;MONTADOR DE INSTALACIONES SANITARIAS DOMICILIARIAS;NOCHE;3;44543067
CRUZ;ISMAEL EUGENIO;K.02ISMA@GMAIL.COM;CFP 17;MONTADOR DE INSTALACIONES SANITARIAS DOMICILIARIAS;NOCHE;3;36276726
MOEREMANS;MONICA;moeremansm@hotmail.com;CFP 17;MONTADOR DE INSTALACIONES SANITARIAS DOMICILIARIAS;NOCHE;3;23175680
NINA LAPACA;DANIEL;daniel.ninalpc@yahoo.com.ar;CFP 17;MONTADOR DE INSTALACIONES SANITARIAS DOMICILIARIAS;NOCHE;3;93894319
PACHAO FISCHER;RAMIRO;cens35.ramiropachaofischer@gmail.com;CFP 17;MONTADOR DE INSTALACIONES SANITARIAS DOMICILIARIAS;NOCHE;3;42998226
QUINTERO;ALEJANDRA NOEMI;ALELABOCA2022@GMAIL.COM;CFP 17;MONTADOR DE INSTALACIONES SANITARIAS DOMICILIARIAS;NOCHE;3;24098811
SUAREZ GONZALEZ;LEANDRO;leandrosuarezgonzalez2004@gmal.com;CFP 17;MONTADOR DE INSTALACIONES SANITARIAS DOMICILIARIAS;NOCHE;3;46119062
TUSI;DANIEL EMILIANO;DANIELTUSI@LIVE.COM.AR;CFP 17;MONTADOR DE INSTALACIONES SANITARIAS DOMICILIARIAS;NOCHE;3;25848970
CRUZ;ISMAEL EUGENIO;k.02isma@gmail.com;CFP 17;INSTALADOR Y REPARADOR DE EQUIPOS DE CLIMATIZACION;MAÑANA;1;36276726
DEL ROSARIO GOMEZ;JUAN JESUS;juanjesus.delrosario@gmail.com;CFP 17;INSTALADOR Y REPARADOR DE EQUIPOS DE CLIMATIZACION;MAÑANA;1;96186142
ECHEGARAY;DAVID ENRIQUE;david.echegaray@hotmail.com;CFP 17;INSTALADOR Y REPARADOR DE EQUIPOS DE CLIMATIZACION;MAÑANA;1;26337805
FORTUNATO GONZALEZ;FRANCO GABRIEL;fran.fortunato93@gmail.com;CFP 17;INSTALADOR Y REPARADOR DE EQUIPOS DE CLIMATIZACION;MAÑANA;1;37835924
GURI;RICARDO FRANCISCO;richardguri@hotmail.com.ar;CFP 17;INSTALADOR Y REPARADOR DE EQUIPOS DE CLIMATIZACION;MAÑANA;1;23010878
JAIME MIGUEZ;DUILIO NAZARENO;duiliojaime81@gmail.com;CFP 17;INSTALADOR Y REPARADOR DE EQUIPOS DE CLIMATIZACION;MAÑANA;1;29173602
LAZO;MANUEL ALEJANDRO;suarezmanu85@gmail.com;CFP 17;INSTALADOR Y REPARADOR DE EQUIPOS DE CLIMATIZACION;MAÑANA;1;31314536
LENGRUBER;GUSTAVO DANIEL;lengrubergustavo@gmail.com;CFP 17;INSTALADOR Y REPARADOR DE EQUIPOS DE CLIMATIZACION;MAÑANA;1;32363124
LOYOLA GONZALES;MARIO DELFIN;mariolg2101@gmail.com;CFP 17;INSTALADOR Y REPARADOR DE EQUIPOS DE CLIMATIZACION;MAÑANA;1;94077599
MACHIOLI;GUSTAVO HECTOR;gustavomachioli@gmail.com;CFP 17;INSTALADOR Y REPARADOR DE EQUIPOS DE CLIMATIZACION;MAÑANA;1;12289857
MANCINI;OSCAR ALEJANDRO;aleomancini@yahoo.com.ar;CFP 17;INSTALADOR Y REPARADOR DE EQUIPOS DE CLIMATIZACION;MAÑANA;1;17233672
PERALTA;LAUTARO NAHUEL;lautaro.peralta.nah@gmail.com;CFP 17;INSTALADOR Y REPARADOR DE EQUIPOS DE CLIMATIZACION;MAÑANA;1;47273313
RAMOS;DIEGO ALBERTO;diegoalbertor77@gmail.com;CFP 17;INSTALADOR Y REPARADOR DE EQUIPOS DE CLIMATIZACION;MAÑANA;1;28611689
REYES;GUSTAVO FRANCISCO;gustavoreyes2589@gmail.com;CFP 17;INSTALADOR Y REPARADOR DE EQUIPOS DE CLIMATIZACION;MAÑANA;1;34558070
TOMASI;SANTIAGO ANDRES;santiagotomasi98@gmail.com;CFP 17;INSTALADOR Y REPARADOR DE EQUIPOS DE CLIMATIZACION;MAÑANA;1;41317352
VILLAVERDE;SERGIO ANIBAL;sergio.a.villaverde@gmail.com;CFP 17;INSTALADOR Y REPARADOR DE EQUIPOS DE CLIMATIZACION;MAÑANA;1;27216749
AGUERO;JOSE JAVIER;joseja14@yahoo.com.ar;CFP 17;INSTALADOR Y REPARADOR DE EQUIPOS DE CLIMATIZACION;TARDE;2;23791779
ALBORNOZ;GERMAN PABLO;foxbalva14@gmail.com;CFP 17;INSTALADOR Y REPARADOR DE EQUIPOS DE CLIMATIZACION;TARDE;2;33563524
BIAGIOLI;GUIDO;widobiagioli@gmail.com;CFP 17;INSTALADOR Y REPARADOR DE EQUIPOS DE CLIMATIZACION;TARDE;2;40348082
CAMPITELLI;DANTE;dantecampitelli@gmail.com;CFP 17;INSTALADOR Y REPARADOR DE EQUIPOS DE CLIMATIZACION;TARDE;2;45825996
CARDENAS ORDINOLA;ALFREDO TIMOUR;alfrecardenas175@gmail.com;CFP 17;INSTALADOR Y REPARADOR DE EQUIPOS DE CLIMATIZACION;TARDE;2;93780658
CISNEROS;ANGEL EDUARDO;angeleduardocisneros7777@gmail.com;CFP 17;INSTALADOR Y REPARADOR DE EQUIPOS DE CLIMATIZACION;TARDE;2;26282341
COANQUE GRAGEDA;IVAN EZEQUIEL;ivan.coanque.1994@gmail.com;CFP 17;INSTALADOR Y REPARADOR DE EQUIPOS DE CLIMATIZACION;TARDE;2;38498817
EULOGIO HUAMANI;CARLOS JULIAN;crli7.god@gmail.com;CFP 17;INSTALADOR Y REPARADOR DE EQUIPOS DE CLIMATIZACION;TARDE;2;96336896
GOMEZ CORDERO;LUCCA MARIO;luccarulo@gmail.com;CFP 17;INSTALADOR Y REPARADOR DE EQUIPOS DE CLIMATIZACION;TARDE;2;47031104
HUAYLLACAYAN JARA;LINO SAUL;linojara9@gmail.com;CFP 17;INSTALADOR Y REPARADOR DE EQUIPOS DE CLIMATIZACION;TARDE;2;93995656
LONGARINI;PABLO DANIEL;elpablo1082@hotmail.com;CFP 17;INSTALADOR Y REPARADOR DE EQUIPOS DE CLIMATIZACION;TARDE;2;29654487
LOPEZ;JAVIER OSCAR;javieroscarlazcano@gmail.com;CFP 17;INSTALADOR Y REPARADOR DE EQUIPOS DE CLIMATIZACION;TARDE;2;20228798
MARTIN;GUSTAVO ALEJANDRO;gustavomartin1512@gmail.com;CFP 17;INSTALADOR Y REPARADOR DE EQUIPOS DE CLIMATIZACION;TARDE;2;20682989
RAMOS CHAVEZ;PEDRO RONALD;acuario.prch1@gmail.com;CFP 17;INSTALADOR Y REPARADOR DE EQUIPOS DE CLIMATIZACION;TARDE;2;94662951
STOCCO;IGNACIO MANUEL;nachos2810@gmail.com;CFP 17;INSTALADOR Y REPARADOR DE EQUIPOS DE CLIMATIZACION;TARDE;2;38680780
URRUTIA;DIEGO ALEJANDRO;diegoa1256@yahoo.com.ar;CFP 17;INSTALADOR Y REPARADOR DE EQUIPOS DE CLIMATIZACION;TARDE;2;21071799
VEGA JIMENEZ;JEISSON SAMUEL;masterbeatssvj@gmail.com;CFP 17;INSTALADOR Y REPARADOR DE EQUIPOS DE CLIMATIZACION;TARDE;2;95099481
AZAR;JORGE ALFREDO;JORGEALFREDO78@GMAIL.COM;CFP 17;INSTALADOR Y REPARADOR DE EQUIPOS DE CLIMATIZACION;NOCHE;3;29377229
BILCHIS;LEANDRO EZEQUIEL;leandrobilchis@hotmail.com;CFP 17;INSTALADOR Y REPARADOR DE EQUIPOS DE CLIMATIZACION;NOCHE;3;40955789
CONDORI CHIPANA;JONATHAN OMAR;CONDORI.C.JONATHAN@GMAIL.COM;CFP 17;INSTALADOR Y REPARADOR DE EQUIPOS DE CLIMATIZACION;NOCHE;3;44552092
DI BELLA;RICARDO ALBERTO;solucionesrichard@yahoo.com.ar;CFP 17;INSTALADOR Y REPARADOR DE EQUIPOS DE CLIMATIZACION;NOCHE;3;14901309
DI JULIO;ALEX DAMIAN;ALEXTOSCADIJULIO@HOTMAIL.COM;CFP 17;INSTALADOR Y REPARADOR DE EQUIPOS DE CLIMATIZACION;NOCHE;3;34307920
DURAN;MARIANO JORGE;CHUCARO24@HOTNAIL.COM;CFP 17;INSTALADOR Y REPARADOR DE EQUIPOS DE CLIMATIZACION;NOCHE;3;32112872
ESPINO VARGAS;ARIEL;ARIELESPINO@GMAIL.COM;CFP 17;INSTALADOR Y REPARADOR DE EQUIPOS DE CLIMATIZACION;NOCHE;3;42145349
FLORES ACEVEDO;LEANDRO LAUTARO;FLORESLEANDRO1991@GMAIL.COM;CFP 17;INSTALADOR Y REPARADOR DE EQUIPOS DE CLIMATIZACION;NOCHE;3;36165989
GRAÑA;FELICIANO;doctorgra@gmail.com;CFP 17;INSTALADOR Y REPARADOR DE EQUIPOS DE CLIMATIZACION;NOCHE;3;18749526
MOYA;LUCA QUIMEY;LUCQUIMEYMOYA@GMAIL.COM;CFP 17;INSTALADOR Y REPARADOR DE EQUIPOS DE CLIMATIZACION;NOCHE;3;46918136
PAREDES;LAUTARO ALEJANDRO;LAUAROZIDANE.VA@GMAIL.COM;CFP 17;INSTALADOR Y REPARADOR DE EQUIPOS DE CLIMATIZACION;NOCHE;3;43721363
SILVA CABRAL;MARTIN FACUNDO AARON;facundoasc2@gmail.com;CFP 17;INSTALADOR Y REPARADOR DE EQUIPOS DE CLIMATIZACION;NOCHE;3;37066324
TRIAS GEREDA;CARLOS ANTONIO;CARLOS372725@GMAIL.COM;CFP 17;INSTALADOR Y REPARADOR DE EQUIPOS DE CLIMATIZACION;NOCHE;3;93962863
VERA;ALEJANDRO EZEQUIEL;ALEJANDROVERA1636@GMAIL.COM;CFP 17;INSTALADOR Y REPARADOR DE EQUIPOS DE CLIMATIZACION;NOCHE;3;38379243
VILANOVA;NICOLAS MATIAS;nicolasvilanova@hotmail.com;CFP 17;INSTALADOR Y REPARADOR DE EQUIPOS DE CLIMATIZACION;NOCHE;3;30614038
XICOLA Y SEIX;DAVID OSCAR;DAVIDXICOLA@HOTMAIL.COM;CFP 17;INSTALADOR Y REPARADOR DE EQUIPOS DE CLIMATIZACION;NOCHE;3;32223648
BLANCO;AGUSTINA DENISE;agustinablanco489@gmail.com;CFP 17;ALBAÑIL;MAÑANA;1;41223269
CASARETO;DANTE;dantecasareto@yahoo.com.ar;CFP 17;ALBAÑIL;MAÑANA;1;42658661
CAYO;MARIO;mariocayo622@gmail.com;CFP 17;ALBAÑIL;MAÑANA;1;23043968
CORDONES;JAVIER ERNESTO;cordonesjavier184@gmail.com;CFP 17;ALBAÑIL;MAÑANA;1;23670680
DEL RINCON;GONZALO;gonzalodelrincon@gmail.com;CFP 17;ALBAÑIL;MAÑANA;1;40228344
FABIAN;RUMILDA;fabianromina83@gmail.com;CFP 17;ALBAÑIL;MAÑANA;1;96116401
LEMOS;JOHANNA ROMINA;rominalapole@gmail.com;CFP 17;ALBAÑIL;MAÑANA;1;32341111
LUCIUS;MARIANA LAURA;marlucs@hotmail.com;CFP 17;ALBAÑIL;MAÑANA;1;23649325
MARTINEZ ZEBALLOS;KAREN ELIZABETH;karen.martinez.ez@gmail.com;CFP 17;ALBAÑIL;MAÑANA;1;38400876
MAZZALI ARAUJO;NATALIA CAROLINA;nataliamazzali@gmail.com;CFP 17;ALBAÑIL;MAÑANA;1;23644002
MICOZZI;JUAN MANUEL;juanmanuelmicozzi@hotmail.com;CFP 17;ALBAÑIL;MAÑANA;1;32794168
MOSQUERA;JOSE LUIS;jl_mosquera@hotmail.com;CFP 17;ALBAÑIL;MAÑANA;1;22533437
RAMOS;ALEJANDRO;alejandroramos@hotmail.com;CFP 17;ALBAÑIL;MAÑANA;1;33950224
VALLE;LISANDRA;lis.valle95@gmail.com;CFP 17;ALBAÑIL;MAÑANA;1;39245327
VILLAVICENCIO;AARON NAIM;aaronvillavicencio61@gmail.com;CFP 17;ALBAÑIL;MAÑANA;1;44784822
CALERMO;ROLANDO ABEL;roli_91c@hotmail.com;CFP 17;ALBAÑIL;TARDE;2;35590483
GARAY;EDUARDO FABIAN;eduardofabiangaray@gmail.com;CFP 17;ALBAÑIL;TARDE;2;23178165
GUTIERREZ TORRES;LUCAS NAIM;gutierrezlucas2002@gmail.com;CFP 17;ALBAÑIL;TARDE;2;43083325
MAIDANA;SERGIO ADRIAN;samclase78@hotmail.com;CFP 17;ALBAÑIL;TARDE;2;26801313
MARTINENKO;DMITRO;dimitri-1992@hotmail.com;CFP 17;ALBAÑIL;TARDE;2;93552286
TORRES;ANDREA ANAHI;andremma.1290@gmail.com;CFP 17;ALBAÑIL;TARDE;2;35368672
ALBORNOZ;ARIADNA PILAR;ariadnaalbornoz777@gmail.com;CFP 17;ALBAÑIL;NOCHE;3;45972261
BARUSSI;MARCELO ALEJANDRO;marjor2015@gmail.com;CFP 17;ALBAÑIL;NOCHE;3;14885626
BOLAÑEZ;DIEGO ARMANDO;petaco493@gmail.com;CFP 17;ALBAÑIL;NOCHE;3;28917671
CRUZ;JORGE ORLANDO;grado43@hotmail.com;CFP 17;ALBAÑIL;NOCHE;3;21798011
CURBELO CARDOZO;VICTOR GABRIEL;gabrielcurbelo@gmail.com;CFP 17;ALBAÑIL;NOCHE;3;32522974
DIAZ;HECTOR GERARDO;hgd84@hotmail.com;CFP 17;ALBAÑIL;NOCHE;3;30738958
DIAZ;JUAN RAMON;diazj0796@gmail.com;CFP 17;ALBAÑIL;NOCHE;3;24000309
DUHAY;BRIAN ALAN;mundoalterno1986@gmail.com;CFP 17;ALBAÑIL;NOCHE;3;32465419
ESPINOZA SARMIENTO;MANUEL DAVID;MESCANCER@HOTMAIL.COM;CFP 17;ALBAÑIL;NOCHE;3;94425341
LEAR;JORGE ALBERTO;LEARJORGE@GMAIL.COM;CFP 17;ALBAÑIL;NOCHE;3;29689703
LISCIOTTI;ADRIAN DARIO;micuarzo1@gmail.com;CFP 17;ALBAÑIL;NOCHE;3;29115262
MARTINEZ;JULIETA LEILA;leilamartinex64@gmail.com;CFP 17;ALBAÑIL;NOCHE;3;17448433
MONTERO;FERNANDO ADRIAN;ironfist75@gmail.com;CFP 17;ALBAÑIL;NOCHE;3;24940569
PAZ;JONATHAN OSMAR;jonhdillu02@gmail.com;CFP 17;ALBAÑIL;NOCHE;3;37200920
RICCI;ALEJANDRO DANIEL;ALEJANDRORICCI@YAHOO.COM.AR;CFP 17;ALBAÑIL;NOCHE;3;32275180
ROSA; MAYRA BEATRIZ;maynatividad88@gmail.com;CFP 17;ALBAÑIL;NOCHE;3;33503999
SPERANZA;LEANDRO;leandro.spe73@hotmail.com;CFP 17;ALBAÑIL;NOCHE;3;35380422
TORRES PEREZ; ARNALDO;ARNOLDT.P.21@GMAIL.COM;CFP 17;ALBAÑIL;NOCHE;3;19085591
ANGULO MAMANI; LEONEL;delta95824@gmail.com;CFP 17;ELECTRICISTA INDUSTRIAL;MAÑANA;1;47029163
ARCE;PABLO RAFAEL;pabloarc3@gmail.com;CFP 17;ELECTRICISTA INDUSTRIAL;MAÑANA;1;20282320
BALDI;DAVID JOSE FABIAN;davidjfbaldi@gmail.com;CFP 17;ELECTRICISTA INDUSTRIAL;MAÑANA;1;34884958
BRIZUELA;LUCIO ALEJANDRO;luciorizuela22@hotmail.com;CFP 17;ELECTRICISTA INDUSTRIAL;MAÑANA;1;29564285
CHAVEZ PEREZ;JORGE ARTURO;jorgeachavezsk8@gmail.com;CFP 17;ELECTRICISTA INDUSTRIAL;MAÑANA;1;94296595
ECHARRI;RODOLFO ANGEL;echarrirodolfo@gmail.com;CFP 17;ELECTRICISTA INDUSTRIAL;MAÑANA;1;33271700
GONZALEZ;SANTIAGO EZEQUIEL;santiagogonzalez273@gmail.com;CFP 17;ELECTRICISTA INDUSTRIAL;MAÑANA;1;39759753
RAMA;GUSTAVO NORBERTO;grama1965@hotmail.com;CFP 17;ELECTRICISTA INDUSTRIAL;MAÑANA;1;17659237
SANCHEZ;ALEX MANUEL;alextroestatico@gmail.com;CFP 17;ELECTRICISTA INDUSTRIAL;MAÑANA;1;42025906
SZELUBSKY;OSCAR MARCELO;oscarszel76@gmail.com;CFP 17;ELECTRICISTA INDUSTRIAL;MAÑANA;1;25142379
TORRES;LARA AYLEN;larlentorres98@gmail.com;CFP 17;ELECTRICISTA INDUSTRIAL;MAÑANA;1;40922718
BALLADARES;RENZO NAHUEL;nano96ok@gmail.com;CFP 17;ELECTRICISTA INDUSTRIAL;TARDE;2;39808681
CALVO;MIGUEL NAZARENO;miguelnazareno.calvo@gmail.com;CFP 17;ELECTRICISTA INDUSTRIAL;TARDE;2;39461148
CARABAJAL;SILVIO MARCELO;papucarabajal@hotmail.com;CFP 17;ELECTRICISTA INDUSTRIAL;TARDE;2;25703031
CONDORI;IVAN ROMULO;blseob30@gmail.com;CFP 17;ELECTRICISTA INDUSTRIAL;TARDE;2;34692084
CUTINO;GUSTAVO SALVADOR;gustavocutino@gmail.com;CFP 17;ELECTRICISTA INDUSTRIAL;TARDE;2;12817156
DUARTE;ROBERTO FAVIO;rfduarte1976@gmail.com;CFP 17;ELECTRICISTA INDUSTRIAL;TARDE;2;25189157
FALCON;ESTEBAN GABRIEL;chachos@gmail.com;CFP 17;ELECTRICISTA INDUSTRIAL;TARDE;2;28032753
LAURIA;EZEQUIEL;ezelauria@gmail.com;CFP 17;ELECTRICISTA INDUSTRIAL;TARDE;2;24873109
LEDESMA CARCAMO;GUSTAVO DAMIAN;gustavoledesma89@gmail.com;CFP 17;ELECTRICISTA INDUSTRIAL;TARDE;2;34715100
LIA;JHOSSEPH ALDRIN YAMIL;liajhosseph@gmail.com;CFP 17;ELECTRICISTA INDUSTRIAL;TARDE;2;94783314
OCHOA;ALFREDO DANIEL;alf.danielochoa@gmail.com;CFP 17;ELECTRICISTA INDUSTRIAL;TARDE;2;42251868
PALACIOS;PEDRO MARTIN;tinchomartyn1996@gmail.com;CFP 17;ELECTRICISTA INDUSTRIAL;TARDE;2;39539276
PASSERI;JULIAN ANDRES;julian.passeri@gmail.com;CFP 17;ELECTRICISTA INDUSTRIAL;TARDE;2;39244662
PINTOS SALAZAR;SERGIO MAXIMILIANO;maxi.pintos@gmail.com;CFP 17;ELECTRICISTA INDUSTRIAL;TARDE;2;29270383
RIVERA;RODOLFO MAXIMO;rrodolfomaximo@gmail.com;CFP 17;ELECTRICISTA INDUSTRIAL;TARDE;2;21838746
SANDOVAL UMPIRE;DIEGO SEBASTIAN;diegosekpo7@gmail.com;CFP 17;ELECTRICISTA INDUSTRIAL;TARDE;2;44362955
TAIPE OBELAR;DAVID;davidtaipeobe@gmail.com;CFP 17;ELECTRICISTA INDUSTRIAL;TARDE;2;45014874
TORREIRA;TOMAS VALENTIN;torreirat@gmail.com;CFP 17;ELECTRICISTA INDUSTRIAL;TARDE;2;43663005
ALARCON;MARIA ANTONIA;maria.antonia.alarcon.95@gmail.com;CFP 17;ELECTRICISTA INDUSTRIAL;NOCHE;3;39136424
BOER;WALTER GABRIEL;gabrielboer@hotmail.com;CFP 17;ELECTRICISTA INDUSTRIAL;NOCHE;3;25552958
CHOQUETICLLA;LUIS MIGUEL;LUISCHOQUETICLLA910@GMAIL.COM;CFP 17;ELECTRICISTA INDUSTRIAL;NOCHE;3;94405717
CORREA ROJAS;ALEXANDER;alexander.corre.rojas@gmail.com;CFP 17;ELECTRICISTA INDUSTRIAL;NOCHE;3;42722562
DOGRAMAJIAN;AUGUSTO;adogramajian@yahoo.com.ar;CFP 17;ELECTRICISTA INDUSTRIAL;NOCHE;3;23328514
FERNANDEZ;PABLO DANIEL;ars.cruciandi@gmail.com;CFP 17;ELECTRICISTA INDUSTRIAL;NOCHE;3;39391078
FLORES MAMANI;CRISTIAN;cristianfloresm1995@gmail.com;CFP 17;ELECTRICISTA INDUSTRIAL;NOCHE;3;94239754
GONZALEZ RAVERA;ESTEBAN WALTER;EGONZALEZRAVERA@GMAIL.COM;CFP 17;ELECTRICISTA INDUSTRIAL;NOCHE;3;37505041
LOPEZ NEVOSO;DAMIAN MATIAS;damianmatiasln@gmail.com;CFP 17;ELECTRICISTA INDUSTRIAL;NOCHE;3;37424261
RAMOS CHAVEZ;PEDRO RONALD;acuario.prch1@gmail.com;CFP 17;ELECTRICISTA INDUSTRIAL;NOCHE;3;94662951
RIVAO;SEBASTIAN MATIAS;sebarivao@gmail.com;CFP 17;ELECTRICISTA INDUSTRIAL;NOCHE;3;29544911
ROMERO NIEVES;JUNIOR JOSUE;JUNIORROMEROJJRN@GMAIL.COM;CFP 17;ELECTRICISTA INDUSTRIAL;NOCHE;3;95951557
ROSENBERG;HUGO ANIBAL MAXIMILIANO;ROSENHUANMA@GMAIL.COM;CFP 17;ELECTRICISTA INDUSTRIAL;NOCHE;3;31877481
SIMONASSI;MATTEO ALESSANDRO;paumaxima2013@gmail.com;CFP 17;ELECTRICISTA INDUSTRIAL;NOCHE;3;46871284
TERRAZAS ARAUZ;DAGOBERTO GABRIEL;DGABRIEL_33@HOTMAIL.COM;CFP 17;ELECTRICISTA INDUSTRIAL;NOCHE;3;95725110
VIDELA;ANGEL DAVID;angeldavidv1104@gmail.com;CFP 17;ELECTRICISTA INDUSTRIAL;NOCHE;3;30193582
VILCA PAVIA;JONATHAN DAVID;DAVID.VILCA_2686@gmail.com;CFP 17;ELECTRICISTA INDUSTRIAL;NOCHE;3;33822364
ARAUJO MORILLO;ENDER JOEL;enderaraujo27@gmail.com;CFP 17;PROGRAMADOR;MAÑANA;1;96088068
FRANCO,;FACUNDO NAHUEL;fakuufranco18@gmail.com;CFP 17;PROGRAMADOR;MAÑANA;1;41707755
MAMONE;CELESTE ROCIO;celestermamone@yahoo.com;CFP 17;PROGRAMADOR;MAÑANA;1;45687654
OCEDO;JOSE LUIS;luisoced@gmail.com;CFP 17;PROGRAMADOR;MAÑANA;1;29137066
RABINA;CELESTE ABRIL;celepapelitos@gmail.com;CFP 17;PROGRAMADOR;MAÑANA;1;47641816
BERTOLINI;FEDERICO LIONEL;fedeasdfg46@gmail.com;CFP 17;PROGRAMADOR;TARDE;2;46121363
CABRERA;SANTIAGO JOAQUIN;cabrerasantiago678@gmail.com;CFP 17;PROGRAMADOR;TARDE;2;45687197
GONZALEZ;LUCIA NATASHA;gonzalez.lu.10@gmail.com;CFP 17;PROGRAMADOR;TARDE;2;38353955
HAN;LEONARDO;hanleonardo97@gmail.com;CFP 17;PROGRAMADOR;TARDE;2;40675206
HIDALGO QUISPE;FERNANDO JESUS;jesushidalgook@yahoo.com;CFP 17;PROGRAMADOR;TARDE;2;47650106
ORTIZ;PAOLA DANIELA;nacho212004@gmail.com;CFP 17;PROGRAMADOR;TARDE;2;45598981
AVALOS LOPEZ;JENNIFER YESENIA;fernia30915@gmail.com;CFP 17;BASE DE DATOS/ RELACIONES LABORALES;TARDE;1;93909503
AVALOS LOPEZ;JHON ALEXANDER;jhon_103@live.com;CFP 17;BASE DE DATOS/ RELACIONES LABORALES;TARDE;1;93909502
DUCENORD;JAMES;ducenord25@outlook.com;CFP 17;BASE DE DATOS/ RELACIONES LABORALES;TARDE;1;95724091
HIDALGO QUISPE;FERNANDO JESUS;jesushidalgook@yahoo.com;CFP 17;BASE DE DATOS/ RELACIONES LABORALES;TARDE;1;47650106
MARTINEZ;ESTEBAN DAVID;davidesteban_2@hotmail.com;CFP 17;BASE DE DATOS/ RELACIONES LABORALES;TARDE;1;40978879
SAFERSTEIN;DANIEL FABIAN;disevian@yahoo.com.ar;CFP 17;BASE DE DATOS/ RELACIONES LABORALES;TARDE;1;22500239
ACOSTA BALBAS;PABLO LUIS;acosta11831@gmail.com;CFP 17;ARMADOR Y MONTADOR DE PANELES Y CIELORRASOS DE PLACAS DE ROCA DE YESO;NOCHE;1;96343887
ALOY;GABRIEL ALEJANDRO;GABRIELALEJANDROALOY@GMAIL.COM;CFP 17;ARMADOR Y MONTADOR DE PANELES Y CIELORRASOS DE PLACAS DE ROCA DE YESO;NOCHE;1;23074480
CHURQUINA;JOSE ALBERTO;CHURQUINAJOSE@YAHOO.COM.AR;CFP 17;ARMADOR Y MONTADOR DE PANELES Y CIELORRASOS DE PLACAS DE ROCA DE YESO;NOCHE;1;16682269
COLQUE;FACUNDO SANTIAGO;FSCOLQUE@GMAIL.COM;CFP 17;ARMADOR Y MONTADOR DE PANELES Y CIELORRASOS DE PLACAS DE ROCA DE YESO;NOCHE;1;34987965
ECHEVERRIA;CRISTIAN DAVID;CDECHEVERRIA.83@GMAIL.COM;CFP 17;ARMADOR Y MONTADOR DE PANELES Y CIELORRASOS DE PLACAS DE ROCA DE YESO;NOCHE;1;30448412
GAMBOA DE LA CRUZ;CLARISA DELIA;clariigamboa365@gmail.com;CFP 17;ARMADOR Y MONTADOR DE PANELES Y CIELORRASOS DE PLACAS DE ROCA DE YESO;NOCHE;1;39469671
GOMEZ;CRISTIAN FABIAN ALEXANDER;cristiangomezlumia@hotmail.com;CFP 17;ARMADOR Y MONTADOR DE PANELES Y CIELORRASOS DE PLACAS DE ROCA DE YESO;NOCHE;1;40923514
GONZALEZ;JUAN PABLO;lomachenco223@gmail.com;CFP 17;ARMADOR Y MONTADOR DE PANELES Y CIELORRASOS DE PLACAS DE ROCA DE YESO;NOCHE;1;34146438
GUERRA;DANIEL ANDRES;DANIELGUERRA79@GMAIL.COM;CFP 17;ARMADOR Y MONTADOR DE PANELES Y CIELORRASOS DE PLACAS DE ROCA DE YESO;NOCHE;1;27660983
HUAMAN HOLGADO;MARIA FERNANDA;FERNANDA.N.N@HOTMAIL.COM;CFP 17;ARMADOR Y MONTADOR DE PANELES Y CIELORRASOS DE PLACAS DE ROCA DE YESO;NOCHE;1;38886332
HUENCHUMIL;LEONARDO BORIS;HUENCHUMILLEO@GMAIL.COM;CFP 17;ARMADOR Y MONTADOR DE PANELES Y CIELORRASOS DE PLACAS DE ROCA DE YESO;NOCHE;1;33607999
REYES CAYCHO;JONATHAN GUILLERMO; jreyesc-94@outlook.com;CFP 17;ARMADOR Y MONTADOR DE PANELES Y CIELORRASOS DE PLACAS DE ROCA DE YESO;NOCHE;1;38030479
ESPINOZA RAMIREZ;JOAN OSMAR;joanespinoza2120@gmail.com;CFP 17;INSTALADOR DE SISTEMAS PARA CALENTAMIENTO DE AGUA POR ENERGIA SOLAR;TARDE;1;36402647
CARDOZO MALDONADO;TOBIAS EZEQUIEL;tobshino@gmail.com;CFP 17;INSTALADOR DE SISTEMAS PARA CALENTAMIENTO DE AGUA POR ENERGIA SOLAR;NOCHE;2;42409690
GUTIERREZ;ISMAEL ENZO;BRITANY220984@GMAIL.COM;CFP 17;INSTALADOR DE SISTEMAS PARA CALENTAMIENTO DE AGUA POR ENERGIA SOLAR;NOCHE;2;31308056
GUTIERREZ;SERGIO JESUS;GUTIERREZSJ2018@GMAIL.COM;CFP 17;INSTALADOR DE SISTEMAS PARA CALENTAMIENTO DE AGUA POR ENERGIA SOLAR;NOCHE;2;33586082
QUEZADA;CARLOS MARIANO;CARLOSMARIANOQUEZADA79@GMAIL.COM;CFP 17;INSTALADOR DE SISTEMAS PARA CALENTAMIENTO DE AGUA POR ENERGIA SOLAR;NOCHE;2;27183729
ACOSTA;WALTER FEDERICO;acostawalterfederico@gmail.com;CFP 17;AUXILIAR TOPOGRAFO;NOCHE;1;35974545
ALDERETE LOPEZ;RODOLFO;ALDERETE_RODOLFO@HOTMAIL.COM;CFP 17;AUXILIAR TOPOGRAFO;NOCHE;1;93075971
FALCON;JUAN IGNACIO;ignaciofalcon371@gmail.com;CFP 17;AUXILIAR TOPOGRAFO;NOCHE;1;43899633
FRANCESCHINI;KARINA SILVANA;ARQ_KAFRANCESCHINI@HOTMAIL.COM;CFP 17;AUXILIAR TOPOGRAFO;NOCHE;1;20471468
FRANCO;JUAN CARLOS;m_mfranc@hotmail.com;CFP 17;AUXILIAR TOPOGRAFO;NOCHE;1;17767392
GIMENEZ;RODRIGO ANTONIO;RODRILANGOSTINO9@GMAIL.COM;CFP 17;AUXILIAR TOPOGRAFO;NOCHE;1;28790850
JUAREZ MEZA;RUBEN DARIO;dariojuarezrm@gmail.com;CFP 17;AUXILIAR TOPOGRAFO;NOCHE;1;38498710
MAMANI;WALTER LEONARDO;walterleonardomamani5@gmail.com;CFP 17;AUXILIAR TOPOGRAFO;NOCHE;1;38126569
MOLINA;ANAHI JAZMIN;molinaanahi@gmail.com;CFP 17;AUXILIAR TOPOGRAFO;NOCHE;1;39115511
NASCIMENTO;JAVIER ESTEBAN;JAVIERNASCIMENTO@HOTMAIL.COM;CFP 17;AUXILIAR TOPOGRAFO;NOCHE;1;39335352
PESSINA; RUBEN PEDRO;pessinarubenpedro@gmail.com;CFP 17;AUXILIAR TOPOGRAFO;NOCHE;1;4295410
ROJO;JORGE OSCAR;rojoj92@yahoo.com.ar;CFP 17;AUXILIAR TOPOGRAFO;NOCHE;1;21758107
RUIZ TORANZO;ELEONORA NILDA;ertoranzo@gmail.com;CFP 17;AUXILIAR TOPOGRAFO;NOCHE;1;21472143
UGARTE;JOSE ARMANDO;joseugarte150315@gmail.com;CFP 17;AUXILIAR TOPOGRAFO;NOCHE;1;40490859
YANA FORONDA;KATYA ALEJANDRA;katya_yana96@hotmail.com;CFP 17;AUXILIAR TOPOGRAFO;NOCHE;1;93977523
BRUNO;PABLO JAVIER;pablo.bruno@hotmail.es;CFP 17;CERRAJERIA/ CERRAJERIA COMPUTARIZADA;MAÑANA;1;35359974
CARDENAS ORDINOLA;ALFREDO TIMOUR;ALFRECARDENAS175@GMAIL.COM;CFP 17;CERRAJERIA/ CERRAJERIA COMPUTARIZADA;MAÑANA;1;93780658
DEL GAUDIO;ALFREDO GUSTAVO;delgaudioalfredo@gmail.com;CFP 17;CERRAJERIA/ CERRAJERIA COMPUTARIZADA;MAÑANA;1;36555018
GONZALEZ;DANTE VALENTIN;dantegonzalez04@gmail.com;CFP 17;CERRAJERIA/ CERRAJERIA COMPUTARIZADA;MAÑANA;1;45583717
JUSTEL;CARLOS HECTOR;CARLOSHJUSTEL@GMAIL.COM;CFP 17;CERRAJERIA/ CERRAJERIA COMPUTARIZADA;MAÑANA;1;29636391
ORIENTE;PABLO ENRIQUE;pabloeoriente@gmail.com;CFP 17;CERRAJERIA/ CERRAJERIA COMPUTARIZADA;MAÑANA;1;28863454
RIOS AMARILLA;GUILLERMO ABEL;abelriosamarilla007@gmail.com;CFP 17;CERRAJERIA/ CERRAJERIA COMPUTARIZADA;MAÑANA;1;37741925
RUSSO FERNANDEZ;GUIDO; guido.russo.23@gmail.com;CFP 17;CERRAJERIA/ CERRAJERIA COMPUTARIZADA;MAÑANA;1;39212286
ZARAGOZA;JORGE JOSE;jorgezaragoza04@hotmail.com.ar;CFP 17;CERRAJERIA/ CERRAJERIA COMPUTARIZADA;MAÑANA;1;8437449
BOCHARD;MARIA SOL;msbochard14@gmail.com;CFP 17;CERRAJERIA/ CERRAJERIA COMPUTARIZADA;TARDE;2;36904578
CANDIA;JOSE LUIS;joseluiscandia380@gmail.com;CFP 17;CERRAJERIA/ CERRAJERIA COMPUTARIZADA;TARDE;2;18873876
CARDENAS JARA;MIGUEL ARNALDO;c@miguel.com.ar;CFP 17;CERRAJERIA/ CERRAJERIA COMPUTARIZADA;TARDE;2;27312487
CORDONES;JAVIER ERNESTO;cordonesjavier184@gmail.com;CFP 17;CERRAJERIA/ CERRAJERIA COMPUTARIZADA;TARDE;2;23670680
DOMINGUEZ;ALEXIS MILTON;aleshiii94@gmail.com;CFP 17;CERRAJERIA/ CERRAJERIA COMPUTARIZADA;TARDE;2;38519637
MICOZZI;JUAN MANUEL;juanmanuelmicozzi@hotmail.com;CFP 17;CERRAJERIA/ CERRAJERIA COMPUTARIZADA;TARDE;2;32794168
PACHECO FERNANDEZ;CARLOS EUGENIO;carloseugeniopacheco@gmail.com;CFP 17;CERRAJERIA/ CERRAJERIA COMPUTARIZADA;TARDE;2;14432326
PEREYRA;ROBERTO;gracieladoratoracsutari@gmail.com;CFP 17;CERRAJERIA/ CERRAJERIA COMPUTARIZADA;TARDE;2;40133100
SEIMANDI;GONZALO EZEQUIEL;gonzaloseimandi194@gmail.com;CFP 17;CERRAJERIA/ CERRAJERIA COMPUTARIZADA;TARDE;2;43629410
TOBA BADIN;IVANA DANIELA;ivanatb@yahoo.com.ar;CFP 17;CERRAJERIA/ CERRAJERIA COMPUTARIZADA;TARDE;2;20583884
ACHINO;JORGE ORLANDO;jorge.achino@hotmail.com;CFP 17;HERRERO DE OBRA;TARDE;1;14594517
CHIMENO;ALEJANDRO RAMON;archi3005@yahoo.com.ar;CFP 17;HERRERO DE OBRA;TARDE;1;14243878
CORO PEREZ;EDGAR;;CFP 17;HERRERO DE OBRA;TARDE;1;95103858
COUZO;DIEGO ALEJANDRO;deicou1982@hotmail.com;CFP 17;HERRERO DE OBRA;TARDE;1;29751804
CUNCHILA;ORLANDO;orlandocunchila2@gmail.com;CFP 17;HERRERO DE OBRA;TARDE;1;23941928
GALLO PANDOLFO;MARTINA;martinagallofotos@gmail.com;CFP 17;HERRERO DE OBRA;TARDE;1;33192123
GORSKI;JOSE ALBERTO;algorski22@yahoo.com.ar;CFP 17;HERRERO DE OBRA;TARDE;1;22573913
MORALES;FABIAN WALTER;fabyw34morales@gmail.com;CFP 17;HERRERO DE OBRA;TARDE;1;29318715
PARDO;DIEGO HERNAN;diegohernanpardo@gmail.com;CFP 17;HERRERO DE OBRA;TARDE;1;22710132
PAZ;HUGO ARIEL;pumaalmagro78@gmail.com;CFP 17;HERRERO DE OBRA;TARDE;1;26786555
SANCHEZ;LAURA MABEL;lmss3470@hotmail.com;CFP 17;HERRERO DE OBRA;TARDE;1;21558737
TRAJTENBERG;LUCAS JOEL;lucasjtraj@gmail.com;CFP 17;HERRERO DE OBRA;TARDE;1;43625633
ACOSTA ROJAS;GUSTAVO ROBERTO;GUSROB74@YAHOO.COM.AR;CFP 17;HERRERO DE OBRA;NOCHE;2;23783818
ALDECOA;ADRIAN VIDAL;VIDALALDECOAA@GMAIL.COM;CFP 17;HERRERO DE OBRA;NOCHE;2;21562105
AQUINO;VANESA DEL CARMEN;peque_629@hotmail.com;CFP 17;HERRERO DE OBRA;NOCHE;2;26848359
BOLADO;GERMAN ARIEL;GERMANBOLADO@GMAIL.COM;CFP 17;HERRERO DE OBRA;NOCHE;2;30859461
CAMPOS;CIRILO DOMINGO;CAMPOSCIRILO20@GMAIL.COM;CFP 17;HERRERO DE OBRA;NOCHE;2;32443523
EULOGIO HUAMANI;CARLOS JULIAN;CRLJ7.GOD@GMAIL.COM;CFP 17;HERRERO DE OBRA;NOCHE;2;96336896
GALERA AGUIRRE;ALEJANDRO;AZAROTDREAMS@GMAIL.COM;CFP 17;HERRERO DE OBRA;NOCHE;2;32104577
HERNANDEZ;RODRIGO;BIENPUDIESE@GMAIL.COM;CFP 17;HERRERO DE OBRA;NOCHE;2;17068080
LUNA;AUGUSTO NICOLAS;Luna290823@gmail.com;CFP 17;HERRERO DE OBRA;NOCHE;2;40237588
MANTEROLA;LILIANA MARIA;lident@hotmail.com.ar;CFP 17;HERRERO DE OBRA;NOCHE;2;16766912
NARDI;MARIEL VIVIANA;vivum25@gmail.com;CFP 17;HERRERO DE OBRA;NOCHE;2;21055683
NINO SAMPAYO;WALBERTO;walbero0508@gmail.com;CFP 17;HERRERO DE OBRA;NOCHE;2;95863840
OROPEZA;RAFAEL CLAUDIO ESTEBAN;an.catri@hotmail.com;CFP 17;HERRERO DE OBRA;NOCHE;2;17260066
PEREZ;MARCELA VIVIANA;MARCELAMENSAJES@GMAIL.COM;CFP 17;HERRERO DE OBRA;NOCHE;2;16439999
REQUEJO;CARLOS ALBERTO;CREQ2003@YAHOO.COM.AR;CFP 17;HERRERO DE OBRA;NOCHE;2;18444568
CHECHUYKA;DANIEL HECTOR;danielhectorchechuyka@gmail.com;CFP 17;MODELADO 3D;NOCHE;1;17551440
CONSTANTE;VICTOR MANUEL;victormcostante@gmail.com;CFP 127;MODELADO 3D;NOCHE;1;25976928
ESPINOZA GENES;WALTER EZEQUIEL;WALTERESPINOZAGENES@GMAIL.COM;CFP 14;MODELADO 3D;NOCHE;1;45076194
FRONTIER;KEVIN;frontier.2a@gmail.com;CFP 15;MODELADO 3D;NOCHE;1;38709847
PLA;ALEJANDRO NELSON;ale.polybius@gmail.com;CFP 17;MODELADO 3D;NOCHE;1;32523569
PROVILSKY;YURI;provilsky1@gmail.com;CFP 17;MODELADO 3D;NOCHE;1;18844111
SANCHEZ;ALEX MANUEL;alextroestatico@gmail.com;CFP 17;MODELADO 3D;NOCHE;1;42025906
WILION CONTE;MARCOS;marcoswilion28@gmail.com;CFP 17;MODELADO 3D;NOCHE;1;40131011
GUAZZOTTI;JUAN BAUTISTA;bautistaguazzotti@gmail.com;CFP 17;ALBAÑIL BASICO;MAÑANA;1;47203444
KASSEM;JULIETA  AGOSTINA;artesyoficiosalma@gmail.com;CFP 17;ALBAÑIL BASICO;MAÑANA;1;40060000
MONTEAGUDO SOTO;AMARU DANTE;amarudantemonteagudosoto@gmail.com;CFP 17;ALBAÑIL BASICO;MAÑANA;1;38325132
ORELLANO;RAMIRO DAMIAN;rama451979@gmail.com;CFP 17;ALBAÑIL BASICO;MAÑANA;1;27188783
PACHECO;JOANA PAOLA;joanapachecojpp@gmail.com;CFP 17;ALBAÑIL BASICO;MAÑANA;1;39390499
PARDO CHOQUE;ISAAC ISRAEL;isaacipardoc@gmail.com;CFP 17;ALBAÑIL BASICO;MAÑANA;1;94006863
RIZZO;GEORGINA SOLEDAD;soledadesbenedetti84@gmail.com;CFP 17;ALBAÑIL BASICO;MAÑANA;1;31208666
SARDA;ESTANISLAO MARTIN;tanisarda23@gmail.com;CFP 17;ALBAÑIL BASICO;MAÑANA;1;45825531
SHERMAN;JOSE IGNACIO;shermanjoseignacio@gmail.com;CFP 17;ALBAÑIL BASICO;MAÑANA;1;32738906
GONZALEZ;JUAN PABLO;lomachenco223@gmail.com;CFP 17;APLICADOR/A DE MORTERO MONOCAPA;TARDE;1;34146438
METALLO;GUSTAVO ARIEL;gustavoarielmetallo@gmail.com;CFP 17;APLICADOR/A DE MORTERO MONOCAPA;TARDE;1;38188847
VASEK;MAXIMILIANO EZEQUIEL;maxievasek@gmail.com;CFP 17;APLICADOR/A DE MORTERO MONOCAPA;TARDE;1;34303831
CARABAJAL, ROMINA;ROMINA ALICIA;crominaalicia@gmail.com;CFP 17;APLICADOR/A DE MORTERO MONOCAPA;TARDE;2;27688500
CAYO;JULIO NAHUEL;julionahuelcayo@gmail.com;CFP 17;APLICADOR/A DE MORTERO MONOCAPA;TARDE;2;32883292
FLORES ALBINO;JHON EDWIN;albinojhon29@gmail.com;CFP 17;APLICADOR/A DE MORTERO MONOCAPA;TARDE;2;94242724
KASSEM;JULIETA  AGOSTINA;artesoficiosalma@gmail.com;CFP 17;APLICADOR/A DE MORTERO MONOCAPA;TARDE;2;40060000
LUCIUS;MARIANA LAURA;marlucs@hotmail.com;CFP 17;APLICADOR/A DE MORTERO MONOCAPA;TARDE;2;23649325
PUGLIESE; VICTOR SEBASTIAN ARIEL;pugliesevictor@hotmail.com;CFP 17;APLICADOR/A DE MORTERO MONOCAPA;TARDE;2;24127971
SOTTILE;JUAN IGNACIO;ignaciosottile@hotmail.com;CFP 17;APLICADOR/A DE MORTERO MONOCAPA;TARDE;2;38797192
CANAVIRI GONZALEZ;WALTER RAFAEL;waltercanaviri81@gmail.com;CFP 17;COLOCADOR/A DE PLACAS DE YESO;MAÑANA;1;92921621
HEREDIA;YAMIL VIDAL;YAMILHEREDIA7970@GMAIL.COM;CFP 17;COLOCADOR/A DE PLACAS DE YESO;MAÑANA;1;41756824
MACIEL MENDONCA;RUAN;rino.ruan12@gmail.com;CFP 17;COLOCADOR/A DE PLACAS DE YESO;MAÑANA;1;96124483
METALLO;GUSTAVO ARIEL;gustavoarielmetallo@gmail.com;CFP 17;COLOCADOR/A DE PLACAS DE YESO;MAÑANA;1;38188847
NOLASCO ROCHA;FERNANDO JAVIER;FNOLASCO437@GMAIL.COM;CFP 17;COLOCADOR/A DE PLACAS DE YESO;MAÑANA;1;45928354
PORTAL;JUAN MATIAS;JM.PORTAL@HOTMAIL.COM;CFP 17;COLOCADOR/A DE PLACAS DE YESO;MAÑANA;1;32956685
SEVERO FERNANDEZ;CARLOS CALIMERIO;;CFP 17;COLOCADOR/A DE PLACAS DE YESO;MAÑANA;1;28258538
VILLARROEL FLORES;FABIAN ALEX;VILLA.FFALEX@GMAIL.COM;CFP 17;COLOCADOR/A DE PLACAS DE YESO;MAÑANA;1;43873406
VIZCARRA;LUCIANO ALBERTO;VIZCARRAINTER@GMAIL.COM;CFP 17;COLOCADOR/A DE PLACAS DE YESO;MAÑANA;1;21172493
CHANAMPA;LUAN YAMIR;luanyamir.c@gmail.coom;CFP 17;PINTOR/A DE OBRA;NOCHE;1;41232121
LEGUIZAMO ARIAS;NATHALIA;NATYARIAS.VERDE@GMAIL.COM;CFP 17;PINTOR/A DE OBRA;NOCHE;1;94848146
MACIEL MENDONCA;RUAN;rino.ruan12@gmail.com;CFP 17;PINTOR/A DE OBRA;NOCHE;1;96124483
SETIEN;LUCIA;SETIENLU@GMAIL.COM;CFP 17;PINTOR/A DE OBRA;NOCHE;1;32788061
BRAVO;MARIA ELENA;ELENA@AFUEGUINA.COM.AR;CFP 17;PINTOR/A DE OBRA;NOCHE;2;17045518
CACERES BENGOA;RICHARD WILFREDO;DYG.SERVICIOSEXPRESS@GMAIL.COM;CFP 17;PINTOR/A DE OBRA;NOCHE;2;93889700
CARLINO;EZEQUIEL MARCOS;EZEQUIELMARCOSCARLINO@GMAIL.COM;CFP 17;PINTOR/A DE OBRA;NOCHE;2;37541287
CORREA SANTILLAN;VICTOR MANUEL;vimac002@gmail.com;CFP 17;PINTOR/A DE OBRA;NOCHE;2;20924308
EGOAVIL;MAXIMO SANTIAGO;EGOAVILMAXIMO02@GMAIL.COM;CFP 17;PINTOR/A DE OBRA;NOCHE;2;45323411
FLORES ALBINO;JHON EDWIN;albinojhon29@gmail.com;CFP 17;PINTOR/A DE OBRA;NOCHE;2;94242724
FUNES;EDUARDO JORGE;eduardo2112go@gmail.com;CFP 17;PINTOR/A DE OBRA;NOCHE;2;18548811
GODOY;JAVIER EDUARDO;JAVYLION970@GMAIL.COM;CFP 17;PINTOR/A DE OBRA;NOCHE;2;21918688
GONZALEZ VALERO;DAYANA CAROLINA;dayagonzav@gmail.com;CFP 17;PINTOR/A DE OBRA;NOCHE;2;95778129
HUALDE;HUALDE, JULIAN;julianchino2019@gmail.com;CFP 17;PINTOR/A DE OBRA;NOCHE;2;46959126
KASSEM;JULIETA  AGOSTINA;ARTESYOFCIOSALMA@GMAIL.COM;CFP 17;PINTOR/A DE OBRA;NOCHE;2;40060000
LUZURIAGA;JOSE EMMANUEL;mannu85@hotmail.com;CFP 17;PINTOR/A DE OBRA;NOCHE;2;31464131
MEROLLA;MARTIN ALEJANDRO;martinmerolla23@gmail.com;CFP 17;PINTOR/A DE OBRA;NOCHE;2;35498828
MORENO DE LA HOZ; JENIFER COROMOTO;JENDEHOZ@GMAIL.COM;CFP 17;PINTOR/A DE OBRA;NOCHE;2;95832263
MOSQUERA;JOSE LUIS;jl_mosquera@hotmail.com;CFP 17;PINTOR/A DE OBRA;NOCHE;2;22533437
PANE;VALENTIN;valentinopane@gmail.com;CFP 17;PINTOR/A DE OBRA;NOCHE;2;18877669
PAPI;MATIAS HERNAN;MATIASPAPI16@GMAIL.COM;CFP 17;PINTOR/A DE OBRA;NOCHE;2;34505656
PERELLO;BRIAN EZEQUIEL;TAPIRRESERVADO96@GMAIL.COM;CFP 17;PINTOR/A DE OBRA;NOCHE;2;39835756
POLJSAK;JAVIER MARIO;JAVIERPOLJSAK@HOTMAIL.COM;CFP 17;PINTOR/A DE OBRA;NOCHE;2;33795055
RAMIREZ;RODOLFO;sabanon@hotmail.com;CFP 17;PINTOR/A DE OBRA;NOCHE;2;24224083
REGGIO;LAUTARO;LAUTAROREGGIO418@GMAIL.COM;CFP 17;PINTOR/A DE OBRA;NOCHE;2;46641785
SCARPITTA BAS;PABLO AUGUSTO;pscarpitta1@gmail.com;CFP 17;PINTOR/A DE OBRA;NOCHE;2;23377475
VERGARA;ROMINA ESTELA;VROMINAE@HOTMAIL.COM;CFP 17;PINTOR/A DE OBRA;NOCHE;2;26921345
ZALAZAR DENETT;LEONARDO GABRIEL;ELI53JOSE@GMAIL.COM;CFP 17;PINTOR/A DE OBRA;NOCHE;2;33457801
