fcf764d2-fa7a-4f1c-bb40-5dac4ca96c07,Martinez,Gerardo,AU100020,UOCRA-----Secretario general-----NEUTRO-----A
098bfd7a-a549-4b7e-afc5-b2059efdaa72,Pujadas,Marta,AU100000,UOCRA----- -----NEUTRO-----A
5cc9dc95-e43d-403e-9032-d0c3b21840cd,Pronotti,Ruben ,AU100001,UOCRA----- -----NEUTRO-----A
91cac4db-ec1e-416d-a94b-b58c2879b38e,Romero,Cirilo,AU100002,UOCRA----- -----NEUTRO-----A
d5b7b714-9824-48d0-9d99-5c49c8900e66,Zuccotti,Guillermo,AU100003,UOCRA----- -----NEUTRO-----A
84852c14-3e65-4eca-9b0f-adc013cad574,Muñiz,Daniel,AU100004,UOCRA----- -----NEUTRO-----A
581ade3b-4ecf-4ad9-b6aa-00cf27b545b2,Gándara,Gustavo,AU100005,FUOCRA-----Director-----NEUTRO-----A
dd8d3d1a-04df-46f2-8686-d53664d4167a,Geneiro,Tito,AU100006,CGT----- -----NEUTRO-----A
5873243f-c544-4989-8045-7148e03b35b7,Grillo,Ludovico,AU100007,INET----- -----NEUTRO-----A
7b30bd9f-01d1-4d60-901b-1994da7b5c87,Prieto,Fabian,AU100008,GCBA----- -----NEUTRO-----A
8cba1e24-a96b-475a-a526-0d118b42e679,Alfie,Martin,AU100009,CFI-----Jefe de desarrollo gral-----NEUTRO-----A
06990c8e-5a72-4ff1-9fb5-78f797abbfd9,Lamothe,Ignacio,AU100010,CFI-----Secretario general-----NEUTRO-----A
1ae3bdf2-4a53-4b32-8957-b8ab1db1615c,Gastaldi,Marcelo,AU100011,CFI-----Secretario general-----NEUTRO-----A
5d1a0467-5ac9-4ef4-9a9f-5ded3dec2318,Alvarez,Gustavo,AU100012,GCBA----------NEUTRO-----A
5640b70b-b610-4b1d-aa87-408231572172,Fernandez,Daniel,AU100013,Luz y fuerza-----Secretario-----NEUTRO-----A
f9ee0cfd-29f0-43e2-b3ef-9502a1271812,Molina,Hugo,AU100014,CAMARCO----- -----NEUTRO-----A
d69bc1ec-166e-4f73-ac65-1b57f476366d,Orrego,Sebastián,AU100015,CAMARCO-----Director-----NEUTRO-----A
e94bbc00-402a-4c6c-aa93-4c6875ac6ab5,Sciappini,Sergio,AU100016,TRABAJO-CABA----- -----NEUTRO-----A
151a9a72-4bdd-4d56-b114-a7790d95039d,Bueno,Horacio,AU100017,TRABAJO-CABA----- -----NEUTRO-----A
f3b683c1-6a38-44b6-bc3a-52f8e258ee5d,Cortona,Eugenia,AU100018,MINISTERIO DE CAPITAL HUMANO----- -----NEUTRO-----A
e1f138d4-056d-4c35-9abc-06776845e72c,Scasso,Luis,AU100019,OEI-----Director-----NEUTRO-----A