id,Apellido,Nombre,DNI,clave_insti_curso_turno_comision
ae602cc6-bc51-4a93-af65-8ea783ad1f5a,Ibarra,Nahuel,FN100000,ORGANIZACION----- -----NEUTRO----3 
6dd3e715-b0b2-493b-8820-c36c98a11d33,Mazzei,Mariano,FN100001,ORGANIZACION----- -----NEUTRO----3
ca71b9cf-e299-4a67-9729-924afb11951f,Krischcautzky,Abigail,FN100002,ORGANIZACION----- -----NEUTRO----3
c1d4a226-24d5-453c-b441-79e5f73d0c07,Romero,Claire,FN100003,ORGANIZACION----- -----NEUTRO----3
74298648-cefb-4158-a54a-93c946d81184,Vera,Milagro,FN100004,ORGANIZACION----- -----NEUTRO----3
4fc6eef5-c0dc-403e-9076-93af41626bbc,Canteros,Maria,FN100005,ORGANIZACION----- -----NEUTRO----3
654ddf55-4511-477c-ac50-8c25053437ef,Pedrazzolli,Fernando,FN100006,ORGANIZACION----- -----NEUTRO----3
afafc9ec-e016-4942-8abb-dc651ea1623f,Lopez,Julian,FN100007,ORGANIZACION----- -----NEUTRO----3
047f59d5-8ddc-4108-80a4-547902bb415c,Pilotto,Pablo,FN100008,ORGANIZACION----- -----NEUTRO----3
6d614319-5d1d-436d-ba0f-c28ccdf43966,Hunter,Gastón,FN100009,ORGANIZACION----- -----NEUTRO----3
d379081f-1c15-4cee-92d4-a86a413c28b5,Freijo,Melisa,FN100010,ORGANIZACION----- -----NEUTRO----3
5211691d-865d-4f46-893d-6ba100365c1a,Montenegro,Ramiro,FN100011,ORGANIZACION----- -----NEUTRO----3
4f742106-6f77-4cd4-88b7-b281a29ff242,Funes,Lisandro,FN100012,ORGANIZACION----- -----NEUTRO----3
b98b6ca9-f753-4a71-b5a4-feea89ce0c79,Fernandez,Rocio,FN100013,ORGANIZACION----- -----NEUTRO----3
904879a9-85b3-4d86-8a1a-b56737574ecd,Del valle,Diego,FN100014,ORGANIZACION----- -----NEUTRO----3
d599cc8e-51fb-4569-885a-90736802485e,Cardozo,Cristian,FN100015,ORGANIZACION----- -----NEUTRO----3
eaddc6ff-da4b-489d-9979-9e2d251ff257,Herrera,Marcelo,FN100016,ORGANIZACION----- -----NEUTRO----3
2fd8bfc5-3fb4-420b-b3b5-8ee27454dad6,Viturro,Cesar,FN100017,ORGANIZACION----- -----NEUTRO----3
18aceeef-4afc-4165-9b84-8bc3f4feec37,Kappou,Alejandro,FN100018,ORGANIZACION----- -----NEUTRO----3
bc39e870-eaf2-4432-9ce1-e5df59d6c0ad,Quiroga,Germán,FN100019,ORGANIZACION----- -----NEUTRO----3
e27a0a78-eb4e-42a4-8ae0-521067944f11,Eliseire,Daniel,FN100020,ORGANIZACION----- -----NEUTRO----3
d79a7cf8-c59f-4e4a-a2e5-eee2956cea20,Cruz,Alejandro,FN100021,ORGANIZACION----- -----NEUTRO----3
0afdc9f2-60ae-4bd2-ad98-e1b6d10c282c,Alvarez,Osvaldo,FN100022,ORGANIZACION----- -----NEUTRO----3
c944b7d4-5fa7-41c4-b4e8-f955889e58fd,Manfredi,Carlos,FN100023,ORGANIZACION----- -----NEUTRO----3
9d0a08f8-d8ff-492c-9fbb-fbd0c6a599cd,Rodolico,Anibal,FN100024,ORGANIZACION----- -----NEUTRO----3
e8cee91e-294e-4270-a45d-9406d95ed7bf,Silva,Carlos,FN100025,ORGANIZACION----- -----NEUTRO----3
f5d5b233-d5dc-40c6-8103-280c05ca0d0a,Linares,Lucas,FN100026,ORGANIZACION----- -----NEUTRO----3
40cb43fb-03af-447c-9218-7a4411370aea,Santoro,Alejandro,FN100027,ORGANIZACION----- -----NEUTRO----3
de2df9ad-8619-4875-9991-c9a59492f0ce,Monezuelas,Pablo,FN100028,ORGANIZACION----- -----NEUTRO----3
24876d2c-fa0f-443a-8cfa-9a00ba84971e,Sanchez,Dino,FN100029,ORGANIZACION----- -----NEUTRO----3
e0060d77-4941-432f-8218-e3540223fd01,Esnaider,Hector,FN100030,ORGANIZACION----- -----NEUTRO----3
75fa3ec3-e6b9-4b7d-b5e7-da8afd83844f,San sot,Gaston ,FN100031,ORGANIZACION----- -----NEUTRO----3
b7442e15-d5e8-4c3d-96cc-7dfea213cfbf,Ghio,Ezequiel,FN100032,ORGANIZACION----- -----NEUTRO----3
79fa7526-70f4-4be1-9d21-656c04d005e9,Cataldo,Ruben,FN100033,ORGANIZACION----- -----NEUTRO----3
fb19f901-37c4-4312-be77-c25748ca1454,Speranza,Agustina,FN100034,ORGANIZACION----- -----NEUTRO----3
fbd0a4a5-d5e4-4c28-b4dd-d4109922ae93,Romero,Humberto,FN100035,ORGANIZACION----- -----NEUTRO----3
4e881bc6-6e8a-4e6f-922f-fba697019fe9,Roca,Ezequiel,FN100036,ORGANIZACION----- -----NEUTRO----3
381d3292-b83c-4784-8756-ace2321e7ae4,ACOSTA,GERMAN,FN100037,ORGANIZACION----- -----NEUTRO----3
4e2a1f41-dc54-41ef-951a-cbf3b48e1314,BARDONESCHI,ROBERTO,FN100038,ORGANIZACION----- -----NEUTRO----3
02a767ab-5e0d-4683-9ee7-26763382181b,BASUALDO,JUAN CARLOS,FN100039,ORGANIZACION----- -----NEUTRO----3
27837e46-fa1c-469c-8b52-1bbc99ab0e28,BUSTOS,ROBERTO,FN100040,ORGANIZACION----- -----NEUTRO----3
7866c181-96ff-4269-82a2-e89f2857e706,CISNEROS,MAXIMILIANO,FN100041,ORGANIZACION----- -----NEUTRO----3
e7e9444e-d592-4013-81f0-f55c98724a2d,CROCE,GERÓNIMO,FN100042,ORGANIZACION----- -----NEUTRO----3
6fb68d64-c57f-4929-9561-79ec85a79ec7,DINATOLO,MARIANO,FN100043,ORGANIZACION----- -----NEUTRO----3
86af64eb-e983-499f-b270-b6be330e8570,DINATOLO,ALBERTO,FN100044,ORGANIZACION----- -----NEUTRO----3
5ca58515-b06c-45ca-8d8c-7acd8d53e6fc,ESCOBAR,CAROLINA,FN100045,ORGANIZACION----- -----NEUTRO----3
d7ac3f6c-0d3f-4793-a6fd-ccbc73d3ea22,FACIO,OSCAR,FN100046,ORGANIZACION----- -----NEUTRO----3
7eb3646d-6dcc-481a-bc5e-2f3db33f910b,GARBATY,GUILLERMO,FN100047,ORGANIZACION----- -----NEUTRO----3
8d6acc7a-bfea-405f-900b-6fd20f685cb1,GARCIA DI TULLIO,DANIEL,FN100048,ORGANIZACION----- -----NEUTRO----3
ae1a2280-70e6-4cc6-abe7-7b754bd366aa,GEREZ,RODOLFO,FN100049,ORGANIZACION----- -----NEUTRO----3
64731a2b-8b26-4f50-ab46-3cf3d139f5f0,GIMENEZ,MATIAS,FN100050,ORGANIZACION----- -----NEUTRO----3
0aeca253-8b81-4e95-8525-74c658114cb2,GOMEZ,CLAUDIO,FN100051,ORGANIZACION----- -----NEUTRO----3
4ec7dc35-0f5e-4e23-9c3c-bc19b594b773,GONZALEZ VAQUIE,FLORENCIA,FN100052,ORGANIZACION----- -----NEUTRO----3
78b0185d-3000-42c3-a6f9-55795301c79b,GULLUNI,JORGE,FN100053,ORGANIZACION----- -----NEUTRO----3
5e647e10-71dc-4205-9d64-f70e39022d3e,ISNARDI,MONICA,FN100054,ORGANIZACION----- -----NEUTRO----3
89f45093-ca6d-4f83-be82-1da22e3c9463,MAMONE,CESAR,FN100055,ORGANIZACION----- -----NEUTRO----3
9773965b-d4d5-408c-bb3a-789417a1b663,MARI CASTELLO,CAROLINA,FN100056,ORGANIZACION----- -----NEUTRO----3
35bf2c58-4b41-4ec1-af48-daccc2170dc2,MENENDEZ,NICOLAS,FN100057,ORGANIZACION----- -----NEUTRO----3
af97d98d-e784-417c-b7ff-3678b7753f4b,NIEVES,ZULMA,FN100058,ORGANIZACION----- -----NEUTRO----3
04bd2187-b1f3-4dd5-ad66-c2bf600e4804,PEREZ,MAXIMILIANO,FN100059,ORGANIZACION----- -----NEUTRO----3
74f474f3-ad51-42ac-9996-34361dea3e93,PIETROSKY,JORGE,FN100060,ORGANIZACION----- -----NEUTRO----3
05756f1d-80d6-4a6a-b0c9-70d70e122401,RAMIREZ,ORLANDO,FN100061,ORGANIZACION----- -----NEUTRO----3
9beb5043-add6-446a-bb8e-8de1d7453415,RIOS,JENNIFER,FN100062,ORGANIZACION----- -----NEUTRO----3
d1de1e76-4046-4844-be6c-4eb0acb2fa06,GANDARA,CANDELA,FN100063,ORGANIZACION----- -----NEUTRO----3
f942b833-0699-4606-874f-4d9f7a4a58dd,ROBERTI,TATIANA,FN100064,ORGANIZACION----- -----NEUTRO----3
6d19c751-9558-4c16-a267-70518bd0ab0e,SALCEDO,VERONICA,FN100065,ORGANIZACION----- -----NEUTRO----3
eef6500d-e0b3-4e92-8f36-8adff289677c,SORAIDE,MIRTA,FN100066,ORGANIZACION----- -----NEUTRO----3
b8493d46-9dab-441f-8f0f-5996687b389f,TACONELLI,CARLOS,FN100067,ORGANIZACION----- -----NEUTRO----3
63a79725-7ca2-458e-91dc-3de7ba682c8d,VICENTE,JORGE,FN100068,ORGANIZACION----- -----NEUTRO----3
aa0af148-5ac3-42e4-9d8b-92b238db370d,YAYA,ALEJANDRO,FN100069,ORGANIZACION----- -----NEUTRO----3
a55c0f23-f3e4-49b9-ae9c-a4dea8145cb8,YBAÑEZ,CARLOS,FN100070,ORGANIZACION----- -----NEUTRO----3
6c0fe4ab-1bc4-406d-babc-26dc7620d93e,RABINA,OSCAR,FN100071,ORGANIZACION----- -----NEUTRO----3
19b4afb4-f28d-4407-b15a-1850119eb671,MORALES,FABRICIO,FN100072,ORGANIZACION----- -----NEUTRO----3
45ab82cc-8040-433b-8637-6f7619d2d85c,FIGUEROA,MARIO,FN100073,ORGANIZACION----- -----NEUTRO----3
9632f372-44d8-47b6-a0c2-6b14db5e32c2,ROSASCHI,LEONARDO,FN100074,ORGANIZACION----- -----NEUTRO----3
74b1ddd5-5ac3-4ad3-94c4-c20b7268e2c9,Morales,Norberto,FN100075,ORGANIZACION----- -----NEUTRO----3
02a18d67-0764-462a-849c-125e7215d820,Rodrigo,FACUNDO,FN100076,ORGANIZACION----- -----NEUTRO----3
cfbdf155-a67a-4af3-8d12-caa1c58a0516,Gandini,JAVIER,FN100077,ORGANIZACION----- -----NEUTRO----3
e7d6efab-cbce-4095-a2db-6ede45c8dd9a,Piernes,YASMIN,FN100078,ORGANIZACION----- -----NEUTRO----3
639d4131-c3d4-440b-8e96-56d39fdcba43,Patuto,ANGEL,FN100079,ORGANIZACION----- -----NEUTRO----3
e12670b7-e6fd-4f3c-9667-a633ec996ea5,Janusas,GABRIEL,FN100080,ORGANIZACION----- -----NEUTRO----3
7ca36760-4640-4f23-8a4e-44000b45033b,Picos,GABRIEL,FN100081,ORGANIZACION----- -----NEUTRO----3
ac7c8d49-6244-446e-a4d2-0c98067dbe2b,Restuccia,GABRIEL,FN100082,ORGANIZACION----- -----NEUTRO----3
3bec95e6-a229-4a28-8c34-6e605c63d268,Duval,DIEGO,FN100083,ORGANIZACION----- -----NEUTRO----3
f312cd5b-9806-4fe6-ad2b-96be8c79253d,Waisglas,Gaston ,FN100084,ORGANIZACION----- -----NEUTRO----3
ed47731a-8117-4c3a-aaf6-2b879119b46b,Messina,MARIA,FN100085,ORGANIZACION----- -----NEUTRO----3
296f1967-f3de-4883-85b9-df668c7f726e,DONN,ARIEL ,FN100086,ORGANIZACION----- -----NEUTRO----3
09cb6b3e-d273-4d49-beca-55407c09a7b8,Quesada,IVAN,FN100087,ORGANIZACION----- -----NEUTRO----3
943af1f3-a70f-4c9c-a376-01472a8a8dd3,Herrera,CLAUDIA,FN100088,ORGANIZACION----- -----NEUTRO----3
d63c8278-ec06-41b7-b9a4-7dcbf3ea14b7,Chazelle,RONALD,FN100089,ORGANIZACION----- -----NEUTRO----3
4895abc3-604a-4b27-98fb-b4be9ba435a6,Camus,NELSON,FN100090,ORGANIZACION----- -----NEUTRO----3
8a7dc997-ec39-49f2-abc1-f337fbe0fab0,Mamani,Mario,FN100091,ORGANIZACION----- -----NEUTRO----3
55b0e50d-1e1e-4c7f-b8bc-03b76749fb27,Messina,Noelia ,FN100092,ORGANIZACION----- -----NEUTRO----3
d6e3f571-3b33-4186-bcf7-f8cea5575494,Fernandez,Gustavo,FN100093,ORGANIZACION----- -----NEUTRO----3
53368ab5-1840-41c1-a3ac-ba8764b625d1,Larea,Adrian ,FN100094,ORGANIZACION----- -----NEUTRO----3
4a44abeb-92c6-4d38-a2aa-40f08ae98e41,Deus,Jose Luis,FN100095,ORGANIZACION----- -----NEUTRO----3
179a6a24-2063-41d2-91c3-ca4477a205ac,Suarez,Ezequiel ,FN100096,ORGANIZACION----- -----NEUTRO----3
8e06430d-f5a8-4d2c-8fa4-e9e05506332b,Costa,Fabian ,FN100097,ORGANIZACION----- -----NEUTRO----3
88317c41-6b15-49d4-9414-4d3f883592f6,ACOSTA,GERMAN LEONARDO,FN100098,ORGANIZACION----- -----NEUTRO----3
b5424201-ab26-40db-826e-3479047cd569,BARDONESCHI,ROBERTO PABLO,FN100099,ORGANIZACION----- -----NEUTRO----3
9aba38e3-50dd-4891-8789-4992d0504f14,BASUALDO,JUAN CARLOS,FN100100,ORGANIZACION----- -----NEUTRO----3
316a2132-cdd8-4595-8814-62475a32ebfa,ALBA,INDIRA,FN100101,ORGANIZACION----- -----NEUTRO----3
db5990cb-bc52-4299-b224-282110aa5d38,BUSTOS,ROBERTO RODOLFO.,FN100102,ORGANIZACION----- -----NEUTRO----3
dd0bc672-1095-46d1-879d-4b983e51cabf,CISNEROS,MAXIMILIANO,FN100103,ORGANIZACION----- -----NEUTRO----3
7a38bfbb-97d5-4f7b-baf4-73c2a1f37fbf,CROCE,GERÓNIMO,FN100104,ORGANIZACION----- -----NEUTRO----3
6820d8a6-f6e3-4358-accc-50d68656a462,DINATOLO,MARIANO,FN100105,ORGANIZACION----- -----NEUTRO----3
13971c6c-2359-4f1c-b939-9dad4bdc792e,DINATOLO,ALBERTO,FN100106,ORGANIZACION----- -----NEUTRO----3
8924a376-877c-44e8-a7cd-bdb28834a8f1,ESCOBAR MONGES,CAROLINA,FN100107,ORGANIZACION----- -----NEUTRO----3
755147f8-4340-45ec-bb9a-96f3321d3c5f,ESCOBAR,FRANCISCO,FN100108,ORGANIZACION----- -----NEUTRO----3
1624bfba-f170-407c-a2ce-634981a5df7d,FACIO,OSCAR ANGEL,FN100109,ORGANIZACION----- -----NEUTRO----3
4e8edf0c-c135-4ba4-bf33-7a5d24a32678,FERNANDEZ,GUSTAVO,FN100110,ORGANIZACION----- -----NEUTRO----3
20790b29-b928-45ac-9127-e90e437bec35,ESNAIDER,HECTOR,FN100111,ORGANIZACION----- -----NEUTRO----3
5bbe2c9a-aaaf-453a-a693-3d7412b112c6,GARBATY,GUILLERMO JULIO,FN100112,ORGANIZACION----- -----NEUTRO----3
820ff3c6-0315-4b35-9581-839b885e4725,GARCÍA DI TULLIO,DANIEL ARMANDO,FN100113,ORGANIZACION----- -----NEUTRO----3
73af34bc-9ded-4e5b-ae92-d8be8fcf1036,GEREZ,RODOLFO ARNALDO,FN100114,ORGANIZACION----- -----NEUTRO----3
bcc165d1-75e0-4027-a9f5-e8ba8400bd28,GIMENEZ,MATIAS,FN100115,ORGANIZACION----- -----NEUTRO----3
0427f41c-3ef8-455f-80aa-c8e9adc3aec3,GOMEZ,CLAUDIO ARIEL,FN100116,ORGANIZACION----- -----NEUTRO----3
68545dee-e0b4-4808-b16d-92ad6f1df436,GOMEZ,MAURICIO,FN100117,ORGANIZACION----- -----NEUTRO----3
0292af3e-74e5-4706-a9b0-870702bc2333,GONZALEZ VAQUIE,FLORENCIA,FN100118,ORGANIZACION----- -----NEUTRO----3
d437e1f2-b322-4812-8c16-3a233f8f6709,ISNARDI,MONICA,FN100119,ORGANIZACION----- -----NEUTRO----3
a6308cb9-4779-42d3-aaca-13a8e3697699,MAMONE,CELESTE,FN100120,ORGANIZACION----- -----NEUTRO----3
49ceecf8-c897-4b9e-bf66-d1ebbabeb5f8,KAPPOU,ALEJANDRO,FN100121,ORGANIZACION----- -----NEUTRO----3
49a7c210-d538-47da-84ac-2e1edf10079d,MAMONE,CESAR OMAR,FN100122,ORGANIZACION----- -----NEUTRO----3
bd7edfa1-cca4-4966-84b4-3f8658fafd0f,MARI,CAROLINA,FN100123,ORGANIZACION----- -----NEUTRO----3
ae20080b-8687-4159-94d3-e388e61643ec,MENENDEZ,JULIO NICOLAS,FN100124,ORGANIZACION----- -----NEUTRO----3
d32e8ad4-1c32-4565-a2ef-c409140adbe4,PIETROSKI,JORGE ALBERTO,FN100125,ORGANIZACION----- -----NEUTRO----3
aa3cdde1-17c2-47c3-8898-fd19b16b7e2c,QUIROGA,GERMAN ANDRES.,FN100126,ORGANIZACION----- -----NEUTRO----3
3c16ed81-e30e-4358-a361-67c27eaa8bcc,RABINA,OSCAR ARIEL,FN100127,ORGANIZACION----- -----NEUTRO----3
91c164b4-9ae8-4d41-9a6e-1758c5799067,RAMIREZ,ORLANDO EMMANUEL,FN100128,ORGANIZACION----- -----NEUTRO----3
369bff03-a315-4f6b-b3cc-057eb06dd98c,RIOS,JENNIFER,FN100129,ORGANIZACION----- -----NEUTRO----3
210bd955-dec8-44e9-b43f-b46870159ec5,ROBERTI,TATIANA,FN100130,ORGANIZACION----- -----NEUTRO----3
2f2325b1-bd0d-4da2-a2c5-8c424b2390d9,SALCEDO,VERONICA CECILIA,FN100131,ORGANIZACION----- -----NEUTRO----3
df53efe4-ecd2-424b-b1bd-abf92fd19121,SORAIDE,MIRTA,FN100132,ORGANIZACION----- -----NEUTRO----3
ffc8a334-6976-455a-8661-90eae1747cee,TACONELLI,CARLOS DANIEL,FN100133,ORGANIZACION----- -----NEUTRO----3
896a6d69-c6e2-459b-a94c-c505514e65fe,YAYA,ALEJANDRO PEDRO,FN100134,ORGANIZACION----- -----NEUTRO----3
81676613-14c8-4e7f-bd24-3395187344a0,YBAÑEZ,CARLOS ALBERTO,FN100135,ORGANIZACION----- -----NEUTRO----3
8d3fc8fa-8756-4794-bf0e-5c994dc42b49,Verchelli,Vanesa,FN100136,ORGANIZACION----- -----NEUTRO----3
f4550576-b8ab-4a7e-a0e6-69ae244edb6b,Morales,Norberto,FN100137,ORGANIZACION----- -----NEUTRO----3
c1e6d71d-ab85-4462-acc0-f40cf2848721,Rodrigo,FACUNDO,FN100138,ORGANIZACION----- -----NEUTRO----3
33b39d21-fccf-4473-a9ce-d32bcf339edd,Gandini,JAVIER,FN100139,ORGANIZACION----- -----NEUTRO----3
2d2598a2-384c-4456-99d9-5bdca7609b19,Piernes,YASMIN,FN100140,ORGANIZACION----- -----NEUTRO----3
a9d47bcb-c826-4833-8667-79c0cef0561f,Patuto,ANGEL,FN100141,ORGANIZACION----- -----NEUTRO----3
9b7174f0-9c05-4bc3-96c4-fd9c3f518880,Janusas,GABRIEL,FN100142,ORGANIZACION----- -----NEUTRO----3
d7432158-dae2-4816-8513-a1e824d78d75,Picos,GABRIEL,FN100143,ORGANIZACION----- -----NEUTRO----3
a0558736-6996-4570-b074-5ecbcf2d0bcf,Restuccia,GABRIEL,FN100144,ORGANIZACION----- -----NEUTRO----3
95fd1372-53c0-48b4-9a17-b57832a4e7c3,DRO,NEHUEN,FN100145,ORGANIZACION----- -----NEUTRO----3
d88a44b5-d136-41b6-b2d5-68d7d7b7e1cc,Waisglas,Gaston ,FN100146,ORGANIZACION----- -----NEUTRO----3
eba3e4ea-727a-46a9-be5a-1763bb04d0bd,Messina,MARIA,FN100147,ORGANIZACION----- -----NEUTRO----3
2dc73a34-063d-4d66-8d86-43cf73a6df10,DONN,ARIEL ,FN100148,ORGANIZACION----- -----NEUTRO----3
7455569a-9900-4c5d-84ca-6bcf6bc5d557,PEDRAZZOLI,VERONICA,FN100149,ORGANIZACION----- -----NEUTRO----3
41b0d4a7-6503-42b7-834e-20b92d7a7aff,SUAREZ,EZEQUIEL,FN100150,ORGANIZACION----- -----NEUTRO----3
62f067ee-828c-4979-bbd0-eaaae5704c37,Chazelle,RONALD,FN100151,ORGANIZACION----- -----NEUTRO----3
691d9e55-3dbc-489f-bdbb-61db76bcdf93,Camus,NELSON,FN100152,ORGANIZACION----- -----NEUTRO----3
7189b070-b8bb-4033-be2f-7f629ba7c784,Mamani,Mario,FN100153,ORGANIZACION----- -----NEUTRO----3
427c5766-b0aa-46b5-8d57-d08f8e229224,LOPEZ,ALFREDO,FN100154,ORGANIZACION----- -----NEUTRO----3
8e534c50-fc11-4036-97b3-27df464b0384,Fernandez,Gustavo,FN100155,ORGANIZACION----- -----NEUTRO----3
5cb6655d-1b00-4de1-913b-fbab82f039e6,GUZMAN,MARIO,FN100156,ORGANIZACION----- -----NEUTRO----3
23d04d9f-c0bd-423b-9b8d-7cfa313596d5,Larea,Adrian ,FN100157,ORGANIZACION----- -----NEUTRO----3
